-- MySQL dump 10.13  Distrib 5.7.17, for Win64 (x86_64)
--
-- Host: 127.0.0.1    Database: banoto
-- ------------------------------------------------------
-- Server version	5.5.5-10.1.31-MariaDB

/*!40101 SET @OLD_CHARACTER_SET_CLIENT=@@CHARACTER_SET_CLIENT */;
/*!40101 SET @OLD_CHARACTER_SET_RESULTS=@@CHARACTER_SET_RESULTS */;
/*!40101 SET @OLD_COLLATION_CONNECTION=@@COLLATION_CONNECTION */;
/*!40101 SET NAMES utf8 */;
/*!40103 SET @OLD_TIME_ZONE=@@TIME_ZONE */;
/*!40103 SET TIME_ZONE='+00:00' */;
/*!40014 SET @OLD_UNIQUE_CHECKS=@@UNIQUE_CHECKS, UNIQUE_CHECKS=0 */;
/*!40014 SET @OLD_FOREIGN_KEY_CHECKS=@@FOREIGN_KEY_CHECKS, FOREIGN_KEY_CHECKS=0 */;
/*!40101 SET @OLD_SQL_MODE=@@SQL_MODE, SQL_MODE='NO_AUTO_VALUE_ON_ZERO' */;
/*!40111 SET @OLD_SQL_NOTES=@@SQL_NOTES, SQL_NOTES=0 */;

--
-- Table structure for table `account`
--

DROP TABLE IF EXISTS `account`;
/*!40101 SET @saved_cs_client     = @@character_set_client */;
/*!40101 SET character_set_client = utf8 */;
CREATE TABLE `account` (
  `id` int(11) NOT NULL AUTO_INCREMENT,
  `username` varchar(45) DEFAULT NULL,
  `password` varchar(65) DEFAULT NULL,
  `isAdmin` tinyint(1) DEFAULT NULL,
  `email` varchar(45) DEFAULT NULL,
  PRIMARY KEY (`id`)
) ENGINE=InnoDB AUTO_INCREMENT=16 DEFAULT CHARSET=latin1;
/*!40101 SET character_set_client = @saved_cs_client */;

--
-- Dumping data for table `account`
--

LOCK TABLES `account` WRITE;
/*!40000 ALTER TABLE `account` DISABLE KEYS */;
INSERT INTO `account` VALUES (6,'thanh4','8d969eef6ecad3c29a3a629280e686cf0c3f5d5a86aff3ca12020c923adc6c92',1,'123456'),(13,'thanh','ca978112ca1bbdcafac231b39a23dc4da786eff8147c4e72b9807785afee48bb',1,'d'),(14,'thanh1','8d969eef6ecad3c29a3a629280e686cf0c3f5d5a86aff3ca12020c923adc6c92',0,'thanh1'),(15,'thang1','8d969eef6ecad3c29a3a629280e686cf0c3f5d5a86aff3ca12020c923adc6c92',0,'thang1@a');
/*!40000 ALTER TABLE `account` ENABLE KEYS */;
UNLOCK TABLES;

--
-- Table structure for table `chitiethoadon`
--

DROP TABLE IF EXISTS `chitiethoadon`;
/*!40101 SET @saved_cs_client     = @@character_set_client */;
/*!40101 SET character_set_client = utf8 */;
CREATE TABLE `chitiethoadon` (
  `MaHoaDon` int(11) NOT NULL,
  `IdSP` int(11) NOT NULL,
  `SL` int(11) DEFAULT NULL,
  PRIMARY KEY (`MaHoaDon`,`IdSP`),
  KEY `FK_CTHD_SP_idx` (`IdSP`),
  CONSTRAINT `FK_CTHD_HD` FOREIGN KEY (`MaHoaDon`) REFERENCES `hoadon` (`MaHoaDon`) ON DELETE NO ACTION ON UPDATE NO ACTION,
  CONSTRAINT `FK_CTHD_SP` FOREIGN KEY (`IdSP`) REFERENCES `sanpham` (`Id`) ON DELETE NO ACTION ON UPDATE NO ACTION
) ENGINE=InnoDB DEFAULT CHARSET=latin1;
/*!40101 SET character_set_client = @saved_cs_client */;

--
-- Dumping data for table `chitiethoadon`
--

LOCK TABLES `chitiethoadon` WRITE;
/*!40000 ALTER TABLE `chitiethoadon` DISABLE KEYS */;
INSERT INTO `chitiethoadon` VALUES (9,33,1),(13,24,3),(13,25,2),(14,23,8),(15,33,10);
/*!40000 ALTER TABLE `chitiethoadon` ENABLE KEYS */;
UNLOCK TABLES;

--
-- Table structure for table `hangxe`
--

DROP TABLE IF EXISTS `hangxe`;
/*!40101 SET @saved_cs_client     = @@character_set_client */;
/*!40101 SET character_set_client = utf8 */;
CREATE TABLE `hangxe` (
  `Id` int(11) NOT NULL AUTO_INCREMENT,
  `TenHang` text NOT NULL,
  `Pic` text NOT NULL,
  `isHide` tinyint(4) DEFAULT '0',
  PRIMARY KEY (`Id`)
) ENGINE=InnoDB AUTO_INCREMENT=15 DEFAULT CHARSET=latin1;
/*!40101 SET character_set_client = @saved_cs_client */;

--
-- Dumping data for table `hangxe`
--

LOCK TABLES `hangxe` WRITE;
/*!40000 ALTER TABLE `hangxe` DISABLE KEYS */;
INSERT INTO `hangxe` VALUES (8,'BMW','1530158866829_1.png',0),(9,'Mercedes-Benz','1530158917758_1530155508275_4.png',1),(10,'ferrari','1530159019669_1530155442902_2.png',0),(11,'Volvo','1530159032867_1530155458973_3.png',1),(12,'Audi','1530159052885_1530155521554_5.png',0),(13,'Huyndai','1530159085356_1530155536383_6.png',0),(14,'Peugeot','1530159112212_1530155562962_7.png',0);
/*!40000 ALTER TABLE `hangxe` ENABLE KEYS */;
UNLOCK TABLES;

--
-- Table structure for table `hoadon`
--

DROP TABLE IF EXISTS `hoadon`;
/*!40101 SET @saved_cs_client     = @@character_set_client */;
/*!40101 SET character_set_client = utf8 */;
CREATE TABLE `hoadon` (
  `MaHoaDon` int(11) NOT NULL AUTO_INCREMENT,
  `IdKH` int(11) NOT NULL,
  `TinhTrang` text,
  `NgayBan` date DEFAULT NULL,
  `TongTien` float DEFAULT NULL,
  PRIMARY KEY (`MaHoaDon`),
  KEY `Id_idx` (`IdKH`),
  CONSTRAINT `FK_HOADON_KH` FOREIGN KEY (`IdKH`) REFERENCES `khachhang` (`Id`) ON DELETE NO ACTION ON UPDATE NO ACTION
) ENGINE=InnoDB AUTO_INCREMENT=16 DEFAULT CHARSET=latin1;
/*!40101 SET character_set_client = @saved_cs_client */;

--
-- Dumping data for table `hoadon`
--

LOCK TABLES `hoadon` WRITE;
/*!40000 ALTER TABLE `hoadon` DISABLE KEYS */;
INSERT INTO `hoadon` VALUES (9,14,'2','2018-06-29',1500000000),(13,14,'2','2018-06-29',2147480000),(14,14,'2','2018-06-29',11832000000),(15,15,'0','2018-06-29',15000000000);
/*!40000 ALTER TABLE `hoadon` ENABLE KEYS */;
UNLOCK TABLES;

--
-- Table structure for table `khachhang`
--

DROP TABLE IF EXISTS `khachhang`;
/*!40101 SET @saved_cs_client     = @@character_set_client */;
/*!40101 SET character_set_client = utf8 */;
CREATE TABLE `khachhang` (
  `Id` int(11) NOT NULL AUTO_INCREMENT,
  `Ten` varchar(100) CHARACTER SET utf8 NOT NULL,
  `Email` text CHARACTER SET latin1 NOT NULL,
  `SDT` text CHARACTER SET latin1 NOT NULL,
  `NgaySinh` date NOT NULL,
  `DiaChi` text CHARACTER SET latin1 NOT NULL,
  `CMND` text CHARACTER SET latin1 NOT NULL,
  PRIMARY KEY (`Id`),
  CONSTRAINT `fk_khachhang_1` FOREIGN KEY (`Id`) REFERENCES `account` (`id`) ON DELETE NO ACTION ON UPDATE NO ACTION
) ENGINE=InnoDB AUTO_INCREMENT=16 DEFAULT CHARSET=utf8mb4;
/*!40101 SET character_set_client = @saved_cs_client */;

--
-- Dumping data for table `khachhang`
--

LOCK TABLES `khachhang` WRITE;
/*!40000 ALTER TABLE `khachhang` DISABLE KEYS */;
INSERT INTO `khachhang` VALUES (14,'Trần Văn Thanh','thanhvantran0','01692982109','2018-06-02','H? Chí Minh','2751254785'),(15,'Nguyễn Thắng','a@a','123456','1997-09-19','a - a','123456');
/*!40000 ALTER TABLE `khachhang` ENABLE KEYS */;
UNLOCK TABLES;

--
-- Table structure for table `loaixe`
--

DROP TABLE IF EXISTS `loaixe`;
/*!40101 SET @saved_cs_client     = @@character_set_client */;
/*!40101 SET character_set_client = utf8 */;
CREATE TABLE `loaixe` (
  `Id` int(11) NOT NULL AUTO_INCREMENT,
  `TenLoai` text NOT NULL,
  `isHide` tinyint(4) NOT NULL DEFAULT '0',
  PRIMARY KEY (`Id`)
) ENGINE=InnoDB AUTO_INCREMENT=5 DEFAULT CHARSET=latin1;
/*!40101 SET character_set_client = @saved_cs_client */;

--
-- Dumping data for table `loaixe`
--

LOCK TABLES `loaixe` WRITE;
/*!40000 ALTER TABLE `loaixe` DISABLE KEYS */;
INSERT INTO `loaixe` VALUES (1,'SEDAN',0),(2,'HATCHBACK',0),(3,'MPV',0),(4,'COUPE',0);
/*!40000 ALTER TABLE `loaixe` ENABLE KEYS */;
UNLOCK TABLES;

--
-- Table structure for table `picture`
--

DROP TABLE IF EXISTS `picture`;
/*!40101 SET @saved_cs_client     = @@character_set_client */;
/*!40101 SET character_set_client = utf8 */;
CREATE TABLE `picture` (
  `Id` int(11) NOT NULL AUTO_INCREMENT,
  `MaXe` int(11) DEFAULT NULL,
  `picture` tinytext,
  PRIMARY KEY (`Id`),
  KEY `MaXe` (`MaXe`),
  CONSTRAINT `picture_ibfk_1` FOREIGN KEY (`MaXe`) REFERENCES `sanpham` (`Id`)
) ENGINE=InnoDB AUTO_INCREMENT=92 DEFAULT CHARSET=latin1;
/*!40101 SET character_set_client = @saved_cs_client */;

--
-- Dumping data for table `picture`
--

LOCK TABLES `picture` WRITE;
/*!40000 ALTER TABLE `picture` DISABLE KEYS */;
INSERT INTO `picture` VALUES (18,20,'1530159335738_mercedes-gla-class-gla-200-tai-tphcm-1483722415-586fceaf9dd07.jpg'),(19,20,'1530159335741_mercedes-gla-class-gla-200-tai-tphcm-1483722415-586fceaf45c52.jpg'),(20,20,'1530159335740_mercedes-gla-class-gla-200-tai-tphcm-1483722415-586fceaf45c52(1).jpg'),(21,20,'1530159335741_mercedes-gla-class-gla-200-tai-tphcm-1483722415-586fceaf85f83.jpg'),(22,21,'1530160122274_mercedes-glc-300-4matic-tai-tphcm-1483721120-586fc9a05ce0b.jpg'),(23,21,'1530160122278_mercedes-glc-300-4matic-tai-tphcm-1483721120-586fc9a053d27.jpg'),(24,21,'1530160122280_mercedes-glc-300-4matic-tai-tphcm-1483721120-586fc9a055ba0.jpg'),(25,22,'1530160413328_mercedes-gle-class-450-amg-coupe-4matic-tai-haxaco-vo-van-kiet-1483805055-5871117fc4b94.jpg'),(26,22,'1530160413329_mercedes-gle-class-450-amg-coupe-4matic-tai-haxaco-vo-van-kiet-1483805056-587111806c784.jpg'),(27,22,'1530160413331_mercedes-gle-class-450-amg-coupe-4matic-tai-haxaco-vo-van-kiet-1483805056-587111806cb1a.jpg'),(28,23,'1530160597109_mercedes-c-class-c200-1483459645-586bcc3da9ae8.jpg'),(29,23,'1530160597110_mercedes-c-class-c200-1483459657-586bcc493ef6b.jpg'),(30,23,'1530160597112_mercedes-c-class-c200-1483459657-586bcc4937259.jpg'),(31,24,'1530161196293_mercedes-gle-class-400-coupe-4matic-tai-tphcm.jpg'),(32,24,'1530161196294_mercedes-gle-class-400-coupe-4matic-tai-tphcm-1483803938-58710d223e580.jpg'),(33,24,'1530161196296_mercedes-gle-class-400-coupe-4matic-tai-tphcm-1483803938-58710d224fe94.jpg'),(34,24,'1530161196299_mercedes-gle-class-400-coupe-4matic-tai-tphcm-1483803938-58710d2245e1c.jpg'),(35,25,'1530161420647_audi-a4-2-0l-tfsi-7at-1514393024-5a43cdc0ef11e.jpg'),(36,25,'1530161420650_audi-a4-2-0l-tfsi-7at-1514393025-5a43cdc1110e1.jpg'),(37,25,'1530161420649_audi-a4-2-0l-tfsi-7at-1514393024-5a43cdc0ef123.jpg'),(38,25,'1530161420652_audi-a4-2-0l-tfsi-7at-1514393025-5a43cdc108804.jpg'),(39,26,'1530161700621_audi-tt-coupe-2-0l-tfsi-6at.jpg'),(40,26,'1530161700623_audi-tt-coupe-2-0l-tfsi-6at-1481301713-584aded1baf64.jpg'),(41,26,'1530161700622_audi-tt-coupe-2-0l-tfsi-6at-1481301713-584aded1b6ed8.jpg'),(42,27,'1530161910477_audi-q3-2-0l-tfsi-7at-1481300231-584ad907369d1.jpg'),(43,27,'1530161910478_audi-q3-2-0l-tfsi-7at-1481300231-584ad907984b8.jpg'),(44,27,'1530161910477_audi-q3-2-0l-tfsi-7at-1481300231-584ad907804a4.jpg'),(45,28,'1530162095576_audi-q2-1481299326-584ad57e19d32(1).jpg'),(46,28,'1530162095575_audi-q2-1481299326-584ad57e5f1c0.jpg'),(47,28,'1530162095578_audi-q2-1481299326-584ad57e19d32.jpg'),(48,28,'1530162095579_audi-q2-1481299326-584ad57e10738.jpg'),(49,29,'1530162325246_audi-a8-l-4-0l-tfsi-quattro-8at-1481298648-584ad2d8a5f30.jpg'),(50,29,'1530162325247_audi-a8-l-4-0l-tfsi-quattro-8at-1481298648-584ad2d8afbc5.jpg'),(51,29,'1530162325248_audi-a8-l-4-0l-tfsi-quattro-8at-1481298648-584ad2d8b773b.jpg'),(52,30,'1530162547873_audi-q7-2-0l-tfsi-quattro-8at-1481301415-584adda72bdf8.jpg'),(53,30,'1530162547875_audi-q7-2-0l-tfsi-quattro-8at-1481301415-584adda74ca71.jpg'),(54,30,'1530162547875_audi-q7-2-0l-tfsi-quattro-8at-1481301415-584adda762f12.jpg'),(55,31,'1530162894444_hyundai-accent-2018.jpg'),(56,31,'1530162894445_hyundai-accent-2018-1524274749-5ada963d182ff.jpg'),(57,31,'1530162894448_hyundai-accent-2018-1524274751-5ada963f4a1a8.jpg'),(58,32,'1530163166143_bmw-3-series-330i-1489040458-58c0f44a10247.jpg'),(59,32,'1530163166142_bmw-3-series-330i-1489040453-58c0f44598c81.jpg'),(60,32,'1530163166144_bmw-3-series-330i-1489040462-58c0f44ee5251.jpg'),(61,33,'1530163561920_bmw-3-series-320i-lci-phien-ban-100-nam-1489040262-58c0f3862ba0b.jpg'),(62,33,'1530163561925_bmw-3-series-320i-lci-phien-ban-100-nam-1489040263-58c0f387925c3.jpg'),(63,33,'1530163561929_bmw-3-series-320i-lci-phien-ban-100-nam-1489040264-58c0f3884bbc7.jpg'),(64,33,'1530163561931_bmw-3-series-320i-lci-phien-ban-100-nam-1489040265-58c0f3891c591.jpg'),(65,34,'1530163743669_bmw-1-series-118i-hatchback-2017-hoan-toan-moi-1489039999-58c0f27fc0b8c.jpg'),(66,34,'1530163743671_bmw-1-series-118i-hatchback-2017-hoan-toan-moi-1489040009-58c0f2892ab74.jpg'),(67,34,'1530163743672_bmw-1-series-118i-hatchback-2017-hoan-toan-moi-1489040016-58c0f2908d590.jpg'),(68,34,'1530163743673_bmw-1-series-118i-hatchback-2017-hoan-toan-moi-1489040039-58c0f2a7388da.jpg'),(69,35,'1530164028903_bmw-1-series-118i-hatchback-1480931896-58453a38b8498.jpg'),(70,35,'1530164028902_bmw-1-series-118i-hatchback-1480931896-58453a38b0d3d.jpg'),(71,35,'1530164028904_bmw-1-series-118i-hatchback-1480931896-58453a38514d9.jpg'),(72,36,'1530164206636_bmw-x1-sdrive18i-1480951407-5845866f137d1.jpg'),(73,36,'1530164206638_bmw-x1-sdrive18i-1480951415-584586772a583.jpg'),(74,36,'1530164206639_bmw-x1-sdrive18i-1480951415-5845867725d46.jpg'),(75,36,'1530164206640_bmw-x1-sdrive18i-1480951415-5845867730e2f.jpg'),(76,37,'1530164388137_bmw-7-series-730li-1480950775-584583f75a1c7.jpg'),(77,37,'1530164388139_bmw-7-series-730li-1480950775-584583f76d397.jpg'),(78,37,'1530164388140_bmw-7-series-730li-1480950775-584583f703a8f.jpg'),(79,38,'1530164630909_ban-xe-volvo-v90.jpg'),(80,38,'1530164630912_ban-xe-volvo-v90-1514618760-5a473f884e608.jpg'),(81,38,'1530164630913_ban-xe-volvo-v90-1514618760-5a473f8864616.jpg'),(82,39,'1530164799492_volvo-xc60-momentum-mau-trang-ngoc-1497199731-593d7473d2f5a.jpg'),(83,39,'1530164799496_volvo-xc60-momentum-mau-trang-ngoc-1497199731-593d7473e7963.jpg'),(84,39,'1530164799500_volvo-xc60-momentum-mau-trang-ngoc-1497199731-593d7473f07cc.jpg'),(85,40,'1530165014342_volvo-xc60-mau-xanh-ngoc.jpg'),(86,40,'1530165014352_volvo-xc60-mau-xanh-ngoc-1497890420-5947fe743e67b.jpg'),(87,40,'1530165014343_volvo-xc60-mau-xanh-ngoc-1497890419-5947fe73a3c54.jpg'),(88,41,'1530165344112_volvo-xc60-momentum-mau-den-tuyen.png'),(89,41,'1530165344113_volvo-xc60-momentum-mau-den-tuyen-1497199000-593d719891cc3.jpg'),(90,41,'1530165344115_volvo-xc60-momentum-mau-den-tuyen-1497199000-593d7198805d9.jpg'),(91,20,'1530170726216_index.jpeg');
/*!40000 ALTER TABLE `picture` ENABLE KEYS */;
UNLOCK TABLES;

--
-- Table structure for table `sanpham`
--

DROP TABLE IF EXISTS `sanpham`;
/*!40101 SET @saved_cs_client     = @@character_set_client */;
/*!40101 SET character_set_client = utf8 */;
CREATE TABLE `sanpham` (
  `Id` int(11) NOT NULL AUTO_INCREMENT,
  `TenSP` text CHARACTER SET utf8 COLLATE utf8_unicode_ci NOT NULL,
  `HangXe` int(11) NOT NULL,
  `LoaiXe` int(11) NOT NULL,
  `MoTa` text CHARACTER SET utf8 COLLATE utf8_unicode_ci NOT NULL,
  `ChiTiet` text CHARACTER SET utf8 COLLATE utf8_unicode_ci NOT NULL,
  `HinhAnh` text CHARACTER SET utf8 COLLATE utf8_unicode_ci NOT NULL,
  `GiaBan` int(15) NOT NULL,
  `LuotXem` int(11) NOT NULL DEFAULT '0',
  `SoLuong` int(11) NOT NULL,
  `SLBan` int(11) NOT NULL DEFAULT '0',
  `XuatXu` text CHARACTER SET utf8 COLLATE utf8_unicode_ci NOT NULL,
  `NgayNhap` date NOT NULL,
  `isHide` tinyint(4) DEFAULT '0',
  PRIMARY KEY (`Id`),
  KEY `HangXe` (`HangXe`),
  KEY `LoaiXe` (`LoaiXe`),
  CONSTRAINT `sanpham_ibfk_1` FOREIGN KEY (`HangXe`) REFERENCES `hangxe` (`Id`),
  CONSTRAINT `sanpham_ibfk_2` FOREIGN KEY (`LoaiXe`) REFERENCES `loaixe` (`Id`)
) ENGINE=InnoDB AUTO_INCREMENT=60 DEFAULT CHARSET=latin1;
/*!40101 SET character_set_client = @saved_cs_client */;

--
-- Dumping data for table `sanpham`
--

LOCK TABLES `sanpham` WRITE;
/*!40000 ALTER TABLE `sanpham` DISABLE KEYS */;
INSERT INTO `sanpham` VALUES (20,'Mercedes GLA',9,3,'<p>Cụm đ&egrave;n trước Bi-xenon t&iacute;ch hợp đ&egrave;n LED chiếu s&aacute;ng ban ng&agrave;y Đ&egrave;n b&aacute;o rẽ tr&ecirc;n gương chiếu hậu, cụm đ&egrave;n sau &amp; đ&egrave;n phanh thứ ba c&ocirc;ng nghệ LED Gương chiếu hậu chống ch&oacute;i tự động; gương chiếu hậu b&ecirc;n ngo&agrave;i chỉnh &amp; gập điện Chức năng ECO start/stop tự động ngắt động cơ khi xe tạm dừng; gi&uacute;p giảm thiểu ti&ecirc;u hao nhi&ecirc;u liệu &amp; kh&iacute; xả Hệ thống hỗ trợ đỗ xe chủ động Active parking assist t&iacute;ch hợp PARKTRONIC d&ograve; t&igrave;m kh&ocirc;ng gian đỗ xe ph&ugrave; hợp; tự động điều khiển tay l&aacute;i v&agrave; phanh để đưa xe v&agrave;o chỗ đỗ (cả trong trường hợp đỗ xe song song &amp; đỗ xe vu&ocirc;ng g&oacute;c)</p>\r\n','<p>M&agrave;u ngoại thất: N&acirc;u</p>\r\n\r\n<p>M&agrave;u nội thất: X&aacute;m</p>\r\n\r\n<p>Số cửa: 5</p>\r\n\r\n<p>Số chỗ ngồi: 5</p>\r\n','1530171054192_index.jpeg',1520000000,62,10,3,'Mỹ','2018-06-28',0),(21,'Mercedes GLC',9,2,'<p>B&aacute;n xe MERCEDES-BENZ GLC 300 4MATIC Hệ thống hỗ trợ ph&ograve;ng ngừa va chạm COLLISION PREVENTION ASSIST PLUS với chức năng hỗ trợ tự động giảm tốc Hệ thống hỗ trợ đỗ xe chủ động Active parking assist t&iacute;ch hợp PARKTRONIC d&ograve; t&igrave;m kh&ocirc;ng gian đỗ xe ph&ugrave; hợp; tự động điều khiển tay l&aacute;i v&agrave; phanh để đưa xe v&agrave;o chỗ đỗ (cả trong trường hợp đỗ xe song song &amp; đỗ xe vu&ocirc;ng g&oacute;c)</p>\r\n','<p>M&agrave;u ngoại thất: X&aacute;m</p>\r\n\r\n<p>M&agrave;u nội thất: x&aacute;m</p>\r\n\r\n<p>Số cửa: 5</p>\r\n\r\n<p>Số chỗ ngồi:5</p>\r\n\r\n<p>Hộp số: Số tự động</p>\r\n\r\n<p>Dẫn động: 4 B&aacute;nh</p>\r\n','1530159891897_mercedes-glc-300-4matic-tai-tphcm-1483721120-586fc9a05e447.jpg',2000000000,4,12,2,'Mỹ','2018-06-28',0),(22,'Mercedes GLE',9,3,'<p>Mercedes GLE Class 450 AMG Coup&eacute; 4Matic tại Haxaco V&otilde; Văn Kiệt giao xe ngay, nhiều m&agrave;u sắc, hỗ trợ vay ng&acirc;n h&agrave;ng</p>\r\n','<p>M&agrave;u ngoại thất:Đỏ</p>\r\n\r\n<p>M&agrave;u nội thất: Bạc</p>\r\n\r\n<p>Số cửa: 5</p>\r\n\r\n<p>Số chỗ ngồi: 4</p>\r\n\r\n<p>Hộp số: Số tự động</p>\r\n\r\n<p>Dẫn động: RFD-Cầu sau</p>\r\n','1530160349901_mercedes-gle-class-450-amg-coupe-4matic-tai-haxaco-vo-van-kiet-1483805056-587111806f20d.jpg',1500000000,6,10,0,'Mỹ','2018-06-28',0),(23,'Mercedes C200',9,1,'<p>Mercedes GLE Class 450 AMG Coup&amp;eacute; 4Matic tại Haxaco V&amp;otilde; Văn Kiệt giao xe ngay, nhiều m&amp;agrave;u sắc, hỗ trợ vay ng&amp;acirc;n h&amp;agrave;ng<br />\r\n&nbsp;</p>\r\n','<p>M&agrave;u ngoại thất:Trắng</p>\r\n\r\n<p>M&agrave;u nội thất: Đen</p>\r\n\r\n<p>Số cửa: 4</p>\r\n\r\n<p>Số chỗ ngồi: 5</p>\r\n\r\n<p>Hộp số: Số tay</p>\r\n\r\n<p>Dẫn động: FWD-Cầu trước</p>\r\n','1530160575297_mercedes-c-class-c200-1483459657-586bcc4934bc1.jpg',1479000000,4,12,0,'Mỹ','2018-06-28',0),(24,'Mercedes GLE 400',9,4,'<p>Mercedes GLE Class 400 Coup&eacute; 4Matic tại TpHCM gi&aacute; tốt tại TpHCM. Mercedes Haxaco tư vấn mua xe vay ng&acirc;n h&agrave;ng với l&atilde;i suất thấp</p>\r\n','<p>M&agrave;u ngoại thất:Trắng</p>\r\n\r\n<p>M&agrave;u nội thất: Đen</p>\r\n\r\n<p>Số cửa: 5</p>\r\n\r\n<p>Số chỗ ngồi:5</p>\r\n','1530161133119_mercedes-gle-class-400-coupe-4matic-tai-tphcm-1483803938-58710d2266988.jpg',1400000000,8,12,0,'Mỹ','2018-06-28',0),(25,'Audi A4 2.0L TFSI',12,1,'<p>Sử dụng cơ sở gầm bệ MLB Evo của Audi giống như Q7 thế hệ mới, xe A4 2017 d&agrave;i hơn trước một ch&uacute;t - tăng từ 4.694mm l&ecirc;n 4.724mm. Với việc tăng k&iacute;ch thước cho xe, kh&ocirc;ng gian nội thất của chiếc sedan hạng sang cũng đ&atilde; được cải thiện kh&aacute; nhiều. Phần để ch&acirc;n cho h&agrave;ng ghế ph&iacute;a sau được tăng th&ecirc;m, tạo cảm gi&aacute;c thoải m&aacute;i cho h&agrave;nh kh&aacute;ch. Audi cho biết trọng lượng xe lại giảm tới 120kg, nhờ sử dụng nhiều th&eacute;p gia cường v&agrave; nh&ocirc;m trong kết cấu. Về thiết kế b&ecirc;n ngo&agrave;i của chiếc A4 ho&agrave;n to&agrave;n mới sở hữu đường n&eacute;t g&oacute;c cạnh mạnh mẽ, cụm đ&egrave;n pha dạng LED hoặc t&ugrave;y chọn LED ma trận. Cụm đ&egrave;n hậu dạng LED được thiết kế mỏng hơn v&agrave; ăn s&acirc;u v&agrave;o nắp khoang h&agrave;nh l&yacute; ph&iacute;a sau.<br />\r\nỞ b&ecirc;n trong, Audi A4 2017 được trang bị nhiều c&ocirc;ng nghệ cao hơn, như tuỳ chọn m&agrave;n h&igrave;nh LCD 12.3 inch thay cho cụm đồng hồ ti&ecirc;u chuẩn, cung cấp nhiều th&ocirc;ng tin hơn cho người l&aacute;i, từ tốc độ xe đến chức năng dẫn đường. Ngo&agrave;i ra, tr&ecirc;n cụm điều khiển trung t&acirc;m c&oacute; một m&agrave;n h&igrave;nh 8.3 inch hỗ trợ.<br />\r\nKhả năng kết nối của A4 thế hệ mới cũng kh&aacute; tốt, với hệ thống kết nối internet LTE tốc độ cao, kh&ocirc;ng chỉ l&agrave; cổng ph&aacute;t wifi cho tới 8 thiết bị, m&agrave; c&ograve;n tạo kết nối giữa t&agrave;i xế với xe th&ocirc;ng qua ứng dụng kết nối smartphone MMI của Audi. Về trang bị an to&agrave;n v&agrave; tiện nghi, xe A4 thế hệ mới sẽ c&oacute; hệ thống kiểm so&aacute;t h&agrave;nh tr&igrave;nh chủ động Stop&amp;Go với chức năng hỗ trợ tắc đường.<br />\r\n<br />\r\nAudi A4 2017 được trang bị hệ thống động cơ 2.0L TFSI, sản sinh c&ocirc;ng suất 190 m&atilde; lực, m&ocirc;-men xoắn cực đại 320 Nm, đi k&egrave;m hộp số 7 cấp S-Tronic v&agrave; hệ dẫn động 4 b&aacute;nh.<br />\r\n<br />\r\nAudi Việt Nam cho biết, tại thời điểm n&agrave;y A4 2017 đ&atilde; sẵn s&agrave;ng để b&agrave;n giao tới tay kh&aacute;ch h&agrave;ng. Audi A4 2017 sẽ tham gia ph&acirc;n kh&uacute;c c&oacute; sự cạnh tranh của c&aacute;c đối thủ như: BMW 3 Series hay Mercedes-Benz C-Class... &nbsp; ​<strong>Chịu tr&aacute;ch nhiệm c&aacute;c th&ocirc;ng tin từ tư vấn th&ocirc;ng tin của h&atilde;ng xe đến kh&aacute;ch h&agrave;ng theo quy tr&igrave;nh kh&eacute;p k&iacute;n nhằm đảm bảo quyền lợi kh&aacute;ch h&agrave;ng xem th&ocirc;ng tin từ k&ecirc;nh an to&agrave;n nhất.&nbsp;</strong>1. Cam kết: Kh&ocirc;ng đưa kh&aacute;ch h&agrave;ng gặp m&ocirc;i giới, c&ograve; l&aacute;i kh&ocirc;ng phải l&agrave; nh&acirc;n vi&ecirc;n h&atilde;ng xe.<br />\r\n2. Cam kết: Kh&ocirc;ng để t&igrave;nh trạng kh&aacute;ch h&agrave;ng bị nh&acirc;n vi&ecirc;n k&ecirc; gi&aacute; xe ảo kh&ocirc;ng đ&uacute;ng thực tế.<br />\r\n3. Cam kết: Cung cấp xe ch&iacute;nh h&atilde;ng từ h&atilde;ng xe giấy tờ xuất xứ l&aacute;p r&aacute;p hoặc nhập khẩu.<br />\r\n4. Cam kết: Th&ocirc;ng tin bảo mật của người mua xe - b&aacute;n xe th&ocirc;ng qua th&ocirc;ng tin n&agrave;y.<br />\r\n5. Cam kết: Th&ocirc;ng tin của qu&yacute; kh&aacute;ch đ&agrave;m ph&aacute;n sẽ được tr&iacute;ch lục nhằm n&acirc;ng cao chất lượng.<br />\r\n<strong>Quản l&yacute; th&ocirc;ng tin bởi: AutoZoom.vn | C&ocirc;ng ty TNHH Truyền Th&ocirc;ng Quảng C&aacute;o NQC</strong></p>\r\n','<p>M&agrave;u ngoại thất:Xanh</p>\r\n\r\n<p>M&agrave;u nội thất: Đen</p>\r\n\r\n<p>Số cửa: 4</p>\r\n\r\n<p>Số chỗ ngồi: 4</p>\r\n','1530161376445_audi-a4-2-0l-tfsi-7at.jpg',1600000000,3,10,0,'Mỹ','2018-06-28',0),(26,'Audi TT Coupe 2.0L',12,4,'<p>Cụm đ&egrave;n trước Bi-xenon t&iacute;ch hợp đ&egrave;n LED chiếu s&aacute;ng ban ng&agrave;y Đ&egrave;n b&aacute;o rẽ tr&ecirc;n gương chiếu hậu, cụm đ&egrave;n sau &amp; đ&egrave;n phanh thứ ba c&ocirc;ng nghệ LED Gương chiếu hậu chống ch&oacute;i tự động; gương chiếu hậu b&ecirc;n ngo&agrave;i chỉnh &amp; gập điện Chức năng ECO start/stop tự động ngắt động cơ khi xe tạm dừng; gi&uacute;p giảm thiểu ti&ecirc;u hao nhi&ecirc;u liệu &amp; kh&iacute; xả Hệ thống hỗ trợ đỗ xe chủ động Active parking assist t&iacute;ch hợp PARKTRONIC d&ograve; t&igrave;m kh&ocirc;ng gian đỗ xe ph&ugrave; hợp; tự động điều khiển tay l&aacute;i v&agrave; phanh để đưa xe v&agrave;o chỗ đỗ (cả trong trường hợp đỗ xe song song &amp; đỗ xe vu&ocirc;ng g&oacute;c)</p>\r\n','<p>M&agrave;u ngoại thất: Trắng</p>\r\n\r\n<p>M&agrave;u nội thất: Đen</p>\r\n\r\n<p>Số cửa: 2</p>\r\n\r\n<p>Số chỗ ngồi: 2</p>\r\n\r\n<p>Hộp số: Số tự động</p>\r\n\r\n<p>Dẫn động: FWD-Cầu trước</p>\r\n','1530161584324_audi-tt-coupe-2-0l-tfsi-6at-1481301713-584aded1bf5be.jpg',1700000000,2,12,0,'Mỹ','2018-06-28',0),(27,'Audi Q3 2.0L',12,3,'<p>Cụm đ&egrave;n trước Bi-xenon t&iacute;ch hợp đ&egrave;n LED chiếu s&aacute;ng ban ng&agrave;y Đ&egrave;n b&aacute;o rẽ tr&ecirc;n gương chiếu hậu, cụm đ&egrave;n sau &amp; đ&egrave;n phanh thứ ba c&ocirc;ng nghệ LED Gương chiếu hậu chống ch&oacute;i tự động; gương chiếu hậu b&ecirc;n ngo&agrave;i chỉnh &amp; gập điện Chức năng ECO start/stop tự động ngắt động cơ khi xe tạm dừng; gi&uacute;p giảm thiểu ti&ecirc;u hao nhi&ecirc;u liệu &amp; kh&iacute; xả Hệ thống hỗ trợ đỗ xe chủ động Active parking assist t&iacute;ch hợp PARKTRONIC d&ograve; t&igrave;m kh&ocirc;ng gian đỗ xe ph&ugrave; hợp; tự động điều khiển tay l&aacute;i v&agrave; phanh để đưa xe v&agrave;o chỗ đỗ (cả trong trường hợp đỗ xe song song &amp; đỗ xe vu&ocirc;ng g&oacute;c)</p>\r\n','<p>M&agrave;u ngoại thất: V&agrave;ng</p>\r\n\r\n<p>M&agrave;u nội thất: Đen</p>\r\n\r\n<p>Số cửa: 5</p>\r\n\r\n<p>Số chỗ ngồi: 5</p>\r\n\r\n<p>Hộp số: Số tay</p>\r\n\r\n<p>&nbsp;Dẫn động: Cụm đ&egrave;n trước Bi-xenon t&iacute;ch hợp đ&egrave;n LED chiếu s&aacute;ng ban ng&agrave;y Đ&egrave;n b&aacute;o rẽ tr&ecirc;n gương chiếu hậu, cụm đ&egrave;n sau &amp; đ&egrave;n phanh thứ ba c&ocirc;ng nghệ LED Gương chiếu hậu chống ch&oacute;i tự động; gương chiếu hậu b&ecirc;n ngo&agrave;i chỉnh &amp; gập điện Chức năng ECO start/stop tự động ngắt động cơ khi xe tạm dừng; gi&uacute;p giảm thiểu ti&ecirc;u hao nhi&ecirc;u liệu &amp; kh&iacute; xả Hệ thống hỗ trợ đỗ xe chủ động Active parking assist t&iacute;ch hợp PARKTRONIC d&ograve; t&igrave;m kh&ocirc;ng gian đỗ xe ph&ugrave; hợp; tự động điều khiển tay l&aacute;i v&agrave; phanh để đưa xe v&agrave;o chỗ đỗ (cả trong trường hợp đỗ xe song song &amp; đỗ xe vu&ocirc;ng g&oacute;c)<br />\r\nRFD-Cầu sau</p>\r\n','1530161844166_audi-q3-2-0l-tfsi-7at-1481300231-584ad90744196.jpg',1900000000,0,12,0,'Mỹ','2018-06-28',0),(28,'Audi Q2 1.4 TFSi',12,3,'<p>Cụm đ&egrave;n trước Bi-xenon t&iacute;ch hợp đ&egrave;n LED chiếu s&aacute;ng ban ng&agrave;y Đ&egrave;n b&aacute;o rẽ tr&ecirc;n gương chiếu hậu, cụm đ&egrave;n sau &amp; đ&egrave;n phanh thứ ba c&ocirc;ng nghệ LED Gương chiếu hậu chống ch&oacute;i tự động; gương chiếu hậu b&ecirc;n ngo&agrave;i chỉnh &amp; gập điện Chức năng ECO start/stop tự động ngắt động cơ khi xe tạm dừng; gi&uacute;p giảm thiểu ti&ecirc;u hao nhi&ecirc;u liệu &amp; kh&iacute; xả Hệ thống hỗ trợ đỗ xe chủ động Active parking assist t&iacute;ch hợp PARKTRONIC d&ograve; t&igrave;m kh&ocirc;ng gian đỗ xe ph&ugrave; hợp; tự động điều khiển tay l&aacute;i v&agrave; phanh để đưa xe v&agrave;o chỗ đỗ (cả trong trường hợp đỗ xe song song &amp; đỗ xe vu&ocirc;ng g&oacute;c)</p>\r\n','<p>M&agrave;u ngoại thất: Đỏ</p>\r\n\r\n<p>M&agrave;u nội thất: Đen</p>\r\n\r\n<p>Số cửa: 4</p>\r\n\r\n<p>Số chỗ ngồi: 5</p>\r\n','1530162031299_audi-q2-1481299326-584ad57e67ed6.jpg',1500000000,0,12,0,'Mỹ','2018-06-28',0),(29,'Audi A8 L 4.0L ',12,1,'<p>Cụm đ&egrave;n trước Bi-xenon t&iacute;ch hợp đ&egrave;n LED chiếu s&aacute;ng ban ng&agrave;y Đ&egrave;n b&aacute;o rẽ tr&ecirc;n gương chiếu hậu, cụm đ&egrave;n sau &amp; đ&egrave;n phanh thứ ba c&ocirc;ng nghệ LED Gương chiếu hậu chống ch&oacute;i tự động; gương chiếu hậu b&ecirc;n ngo&agrave;i chỉnh &amp; gập điện Chức năng ECO start/stop tự động ngắt động cơ khi xe tạm dừng; gi&uacute;p giảm thiểu ti&ecirc;u hao nhi&ecirc;u liệu &amp; kh&iacute; xả Hệ thống hỗ trợ đỗ xe chủ động Active parking assist t&iacute;ch hợp PARKTRONIC d&ograve; t&igrave;m kh&ocirc;ng gian đỗ xe ph&ugrave; hợp; tự động điều khiển tay l&aacute;i v&agrave; phanh để đưa xe v&agrave;o chỗ đỗ (cả trong trường hợp đỗ xe song song &amp; đỗ xe vu&ocirc;ng g&oacute;c)<br />\r\n&nbsp;</p>\r\n','<p>M&agrave;u ngoại thất: Đen</p>\r\n\r\n<p>M&agrave;u nội thất: Đen</p>\r\n\r\n<p>Số cửa: 4</p>\r\n\r\n<p>Số chỗ ngồi: 4</p>\r\n\r\n<p>Hộp số: Số tay</p>\r\n\r\n<p>Dẫn động: FWD-Cầu trước</p>\r\n','1530162282336_audi-a8-l-4-0l-tfsi-quattro-8at-1481298653-584ad2dd1a751.jpg',570000000,1,10,0,'Mỹ','2018-06-28',0),(30,'Audi Q7 2.0L TFSI',12,3,'<p>Cụm đ&egrave;n trước Bi-xenon t&iacute;ch hợp đ&egrave;n LED chiếu s&aacute;ng ban ng&agrave;y Đ&egrave;n b&aacute;o rẽ tr&ecirc;n gương chiếu hậu, cụm đ&egrave;n sau &amp; đ&egrave;n phanh thứ ba c&ocirc;ng nghệ LED Gương chiếu hậu chống ch&oacute;i tự động; gương chiếu hậu b&ecirc;n ngo&agrave;i chỉnh &amp; gập điện Chức năng ECO start/stop tự động ngắt động cơ khi xe tạm dừng; gi&uacute;p giảm thiểu ti&ecirc;u hao nhi&ecirc;u liệu &amp; kh&iacute; xả Hệ thống hỗ trợ đỗ xe chủ động Active parking assist t&iacute;ch hợp PARKTRONIC d&ograve; t&igrave;m kh&ocirc;ng gian đỗ xe ph&ugrave; hợp; tự động điều khiển tay l&aacute;i v&agrave; phanh để đưa xe v&agrave;o chỗ đỗ (cả trong trường hợp đỗ xe song song &amp; đỗ xe vu&ocirc;ng g&oacute;c)<br />\r\n&nbsp;</p>\r\n','<p>M&agrave;u ngoại thất: Bạc</p>\r\n\r\n<p>M&agrave;u nội thất: Đen</p>\r\n\r\n<p>Số cửa: 4</p>\r\n\r\n<p>Số chỗ ngồi: 5</p>\r\n','1530162487438_audi-q7-2-0l-tfsi-quattro-8at-1481301415-584adda705199.jpg',1300000000,0,10,0,'Mỹ','2018-06-28',0),(31,'Hyundai Accent 2018',13,1,'<p><strong>Hyundai Th&agrave;nh C&ocirc;ng vừa mới ra mắt mẫu xe Hyundai Accent 2018 tại Việt Nam. V&agrave; mẫu xe n&agrave;y được đ&aacute;nh gi&aacute; l&agrave; đầy đủ c&aacute;c tiện &iacute;ch an to&agrave;n cũng như t&iacute;nh năng tr&ecirc;n xe so với c&aacute;c mẫu xe c&ugrave;ng ph&acirc;n kh&uacute;c. Kiểu d&aacute;ng th&igrave; rất đẹp, theo như đ&aacute;nh gi&aacute; cảm nhận của THU&Yacute; NGA th&igrave; mẫu xe Hyundai Accent 2018 sẽ hấp dẫn với anh chị đang c&oacute; nhu cầu t&igrave;m hiểu chiếc xe n&agrave;y.&nbsp;</strong><br />\r\n<strong>1 - TH&Ocirc;NG TIN ĐẶT MUA&nbsp;</strong><br />\r\n<strong># Gi&aacute; b&aacute;n ch&iacute;nh thức:</strong>&nbsp;<strong>425000000 VNĐ</strong>&nbsp;(Đ&atilde; bao gồm VAT)<br />\r\n<strong># Khuyến m&atilde;i - Qu&agrave; tặng:&nbsp;</strong>Giảm 20 triệu,...<br />\r\n=&gt; Anh Chị vui l&ograve;ng li&ecirc;n hệ để được b&aacute;o gi&aacute; ch&iacute;nh x&aacute;c v&igrave; chương tr&igrave;nh b&aacute;n h&agrave;ng mỗi th&aacute;ng mỗi kh&aacute;c nhau. THU&Yacute; NGA sẽ b&aacute;o ch&iacute;nh x&aacute;c tuỳ theo từng thời điểm để anh chị dễ d&agrave;ng đặt mua.<br />\r\n<strong># Anh Chị cần mua xe th&ocirc;ng qua đ&ograve;n bẩy t&agrave;i ch&iacute;nh ng&acirc;n h&agrave;ng chuẩn bị hồ sơ sau:</strong></p>\r\n\r\n<ul>\r\n	<li>Chứng minh nh&acirc;n d&acirc;n</li>\r\n	<li>Sổ hộ khẩu</li>\r\n	<li>...</li>\r\n</ul>\r\n','<p><strong>M&agrave;u sắc đang b&aacute;n:&nbsp;</strong>Đen, đỏ, trắng, bạc, v&agrave;ng c&aacute;t, v&agrave;ng be<br />\r\n<strong># Th&ocirc;ng số cơ bản: &nbsp;</strong></p>\r\n\r\n<ul>\r\n	<li>D x R x C (mm): &nbsp;&nbsp;&nbsp;&nbsp;&nbsp;&nbsp;&nbsp;&nbsp;&nbsp;&nbsp;&nbsp;&nbsp;&nbsp;&nbsp;&nbsp;&nbsp;&nbsp;&nbsp;&nbsp;&nbsp;&nbsp;&nbsp;&nbsp;&nbsp;&nbsp;4,440 x 1,729 x 1,460</li>\r\n	<li>Chiều d&agrave;i cơ sở: &nbsp;&nbsp;&nbsp;&nbsp;&nbsp;&nbsp;&nbsp;&nbsp;&nbsp;&nbsp;&nbsp;&nbsp;&nbsp;&nbsp;&nbsp;&nbsp;&nbsp;&nbsp;&nbsp;&nbsp;&nbsp;&nbsp;&nbsp;&nbsp;2,600</li>\r\n	<li>Hệ thống phanh trước/sau: &nbsp;&nbsp;&nbsp;&nbsp;&nbsp;&nbsp;&nbsp;Đĩa/ Đĩa</li>\r\n	<li>Dung t&iacute;ch b&igrave;nh nhi&ecirc;n liệu: &nbsp;&nbsp;&nbsp;&nbsp;&nbsp;&nbsp;&nbsp;&nbsp;&nbsp;&nbsp;45 Lit</li>\r\n	<li>Dung t&iacute;ch xi lanh: &nbsp;&nbsp;&nbsp;&nbsp;&nbsp;&nbsp;&nbsp;&nbsp;&nbsp;&nbsp;&nbsp;&nbsp;&nbsp;&nbsp;&nbsp;&nbsp;&nbsp;&nbsp;&nbsp;&nbsp;&nbsp;&nbsp;&nbsp;&nbsp;1.353 cc</li>\r\n</ul>\r\n','1530162797803_hyundai-accent-2018-1524274749-5ada963d32b96.jpg',470000000,4,12,0,'Mỹ','2018-06-28',0),(32,'BMW 3 Series 330i',8,1,'<p>BMW 330i 2017 ho&agrave;n to&agrave;n mới. Gi&aacute; BMW 330i khuyến m&atilde;i v&agrave; nhiều qu&agrave; tặng gi&aacute; trị d&agrave;nh cho kh&aacute;ch h&agrave;ng mua xe đang chờ bạn. BMW 330i l&agrave; chiếc sedan hạng sang đứng đầu trong ph&acirc;n kh&uacute;c của n&oacute; nhiều năm liền tr&ecirc;n to&agrave;n thế giới. V&agrave; ở Việt Nam cũng kh&ocirc;ng phải ngoại lệ, sở hữu kiểu d&aacute;ng mạnh mẽ đầy c&aacute; t&iacute;nh với kiểu d&aacute;ng thể thao đậm chất BMW, BMW 330i lu&ocirc;n l&agrave; sự lựa chọn h&agrave;ng đầu mỗi khi kh&aacute;ch h&agrave;ng quan t&acirc;m đến chiếc sedan hạng sang d&agrave;nh cho gia đ&igrave;nh. Li&ecirc;n hệ: 0901.124.188. - ----------------------------------------------------. C&aacute;c trang bị c&oacute; tr&ecirc;n BMW 330i mới. - M&agrave;u sơn c&oacute; &aacute;nh kim. - Hệ thống &acirc;m thanh Hifi. - Camera chiếu hậu. - R&egrave;m che nắng ph&iacute;a sau. - G&oacute;i trang bị tiện &iacute;ch. - Chức năng runflat. - M&acirc;m hợp kim nan h&igrave;nh c&aacute;nh ng&ocirc;i sao kiểu 396 17&quot;. - Bọc nệm da. - Ốp nh&ocirc;m &aacute;nh bạc. - Hệ thống trợ lực l&aacute;i. - Hộp số tự động 8 cấp. - Hệ thống kiểm so&aacute;t cự ly đỗ xe (PDC) cảm biến sau (incl. In 9A2). - Viền cửa sổ ốp Aluminium b&oacute;ng. - Gương trong v&agrave; ngo&agrave;i xe tự điều chỉnh chống ch&oacute;i (incl. In 9A2). - Gương chiếu hậu trong xe tự điều chỉnh chống ch&oacute;i (incl. In 9A2). - Đ&egrave;n sương m&ugrave;. - Chức năng cảm biến mưa (incl. In 9A2). - Đ&egrave;n x&ecirc;-non. - Hệ thống đ&egrave;n nội &amp; ngoại thất. - Ghế trước chỉnh điện với chế độ nhớ. - Tựa tay giữa ở h&agrave;ng ghế ph&iacute;a sau. - Tay l&aacute;i t&iacute;ch hợp c&aacute;c chức năng phổ biến. - Tay l&aacute;i bọc da. - Hệ thống điều h&ograve;a điều chỉnh điện (incl. In 9A2). - Trang bị gạt t&agrave;n thuốc v&agrave; mồi lửa. - Bộ trang bị khoang h&agrave;nh l&yacute; (incl. In 9A2). - Tựa tay ph&iacute;a trước trượt được (incl. In 9A2). - Lỗ cắm điện c&ocirc;ng suất 12-volt (incl. In 9A2). - Đồng hồ hiển thị số km. - Chức năng kết nối điện thoại rảnh tay kết hợp cổng usb. - Chức năng đọc đĩa d&agrave;nh cho khu vực Ch&acirc;u &Aacute;. - Điều khiển s&oacute;ng &acirc;m thanh. - Chức năng tự động lock cửa khi xe vận h&agrave;nh. - --------------------------------------------------. Gi&aacute; &aacute;p dụng cho xe c&oacute; trang bị ti&ecirc;u chuẩn v&agrave; sẽ thay đổi nếu kh&aacute;ch h&agrave;ng chọn th&ecirc;m option. Vui l&ograve;ng gọi cho ch&uacute;ng t&ocirc;i để l&aacute;i thử ngay chiếc xe BMW 330i tuyệt vời n&agrave;y, nhận catalogue, b&aacute;o gi&aacute;, c&aacute;c chương tr&igrave;nh hỗ trợ gi&aacute;, khuyến m&atilde;i hấp dẫn. Rất mong nhận được phản hồi từ qu&yacute; kh&aacute;ch h&agrave;ng. Qu&yacute; kh&aacute;ch vui l&ograve;ng li&ecirc;n hệ với ch&uacute;ng t&ocirc;i để nghe c&aacute;c th&ocirc;ng tin tư vấn hữu &iacute;ch nhất. Ph&ograve;ng b&aacute;n h&agrave;ng v&agrave; tiếp thị sản phẩm: 0901.124.188 (Hotline trực 24/7). Tr&acirc;n trọng cảm ơn!</p>\r\n','<p>M&agrave;u ngoại thất: N&acirc;u</p>\r\n\r\n<p>M&agrave;u nội thất: X&aacute;m</p>\r\n\r\n<p>Số cửa: 5&nbsp;</p>\r\n\r\n<p>Số chỗ ngồi: 5</p>\r\n\r\n<p>&nbsp;</p>\r\n','1530163124152_bmw-3-series-330i-1489040431-58c0f42f49dae.jpg',1700000000,5,10,0,'Mỹ','2018-06-28',0),(33,'BMW 3 Series 320i',8,1,'<p>BMW 320i LCI 2017 ho&agrave;n to&agrave;n mới - Gi&aacute; tốt nhất - Giao xe nhanh - Nhiều m&agrave;u lựa chọn - Hỗ trợ trả g&oacute;p. M&agrave;u sắc: M&agrave;u Trắng (V&agrave; c&ograve;n nhiều m&agrave;u lựa chọn kh&aacute;c nữa). Li&ecirc;n hệ: Đỗ Văn Quyết - 0901.124188. - ----------------------------------------------------. Th&ocirc;ng số kỹ thuật: - Động cơ/ Dung t&iacute;ch: I4/ 1.998 cc. - C&ocirc;ng suất cực đại: 135(184)/5.000 Kw(Hp)/rpm. - Momen xoắn cực đại: 270/1.250-4.500 Nm/rpm. - Hộp số: Tự động 8 cấp. - Thời gian tăng tốc từ 0-100 km/h: 7,3 gi&acirc;y. - K&iacute;ch thước D&agrave;i x Rộng x Cao: 4.633 x 2.031 x 1.429 mm. - Chiều d&agrave;i cơ sở: 2.810 mm. - Ph&acirc;n bố trọng lượng tối ưu 50: 50. C&aacute;c trang bị c&ocirc;ng nghệ: - Hệ thống c&aacute;c trang bị an to&agrave;n điện tử. - Nội thất bọc da cao cấp Sensatec. - Ch&igrave;a kh&oacute;a v&agrave; n&uacute;t khởi động th&ocirc;ng minh. - Hệ thống đ&egrave;n nội v&agrave; ngoại thất (563). - Bộ trang bị khoang h&agrave;nh l&yacute; (493). - Camera l&ugrave;i (3AG). - Hệ thống điều h&ograve;a tự động điều chỉnh điện (534). - Vỏ xe an to&agrave;n Run-Flat với chức năng cảnh b&aacute;o (258). - -----------------------------------------------. Trong qu&aacute; tr&igrave;nh t&igrave;m hiểu xe, nếu gặp bất cứ thắc mắc n&agrave;o li&ecirc;n quan đến th&ocirc;ng số kỹ thuật, gi&aacute; ch&iacute;nh thức, c&aacute;c chương tr&igrave;nh khuyến m&atilde;i, phương thức đặt xe, thanh to&aacute;n, trả g&oacute;p hay dịch vụ sau b&aacute;n xe... Vui l&ograve;ng li&ecirc;n hệ với ch&uacute;ng t&ocirc;i để được giải đ&aacute;p nhiệt t&igrave;nh v&agrave; chu đ&aacute;o. Đỗ Văn Quyết - 0901.124188 - Đại diện b&aacute;n h&agrave;ng BMW. Tr&acirc;n trọng cảm ơn!</p>\r\n','<p>M&agrave;u ngoại thất: N&acirc;u</p>\r\n\r\n<p>M&agrave;u nội thất: X&aacute;m</p>\r\n\r\n<p>Số cửa: 5</p>\r\n\r\n<p>Số chỗ ngồi: 5</p>\r\n','1530163481289_bmw-3-series-320i-lci-phien-ban-100-nam-1489040262-58c0f3863c67a.jpg',1500000000,6,12,0,'Mỹ','2018-06-28',0),(34,'BMW 1 Series 118i',8,2,'<p>BMW 1 Series 118i 2017 ho&agrave;n to&agrave;n mới - Gi&aacute; tốt nhất - Giao xe nhanh - Nhiều m&agrave;u lựa chọn - Hỗ trợ trả g&oacute;p. M&agrave;u sắc: M&agrave;u Đỏ (V&agrave; c&ograve;n nhiều m&agrave;u lựa chọn kh&aacute;c nữa). Li&ecirc;n hệ: Đỗ Văn Quyết - 0901.124188.<br />\r\n- ----------------------------------------------------.<br />\r\nMW Series 1 5 cửa - vượt xa những giới hạn th&ocirc;ng thường. Cảm gi&aacute;c l&aacute;i linh hoạt v&agrave; dễ điều khiển với kiểu d&aacute;ng thể thao, hiện đại. Mặt trước của xe được thiết kế lại, lưới tản nhiệt đặc trưng kiểu BMW c&ugrave;ng với đ&egrave;n pha LED c&agrave;ng l&agrave;m nổi bật những n&eacute;t mạnh mẽ của chiếc BMW Series 1. Ở phần đu&ocirc;i xe, điểm thu h&uacute;t sự ch&uacute; &yacute; ch&iacute;nh l&agrave; dải đ&egrave;n LED h&igrave;nh chữ L hai phần. Nội thất được thiết kế theo nh&acirc;n trắc học, mang đến kh&ocirc;ng gian rộng r&atilde;i cho cả người l&aacute;i v&agrave; h&agrave;nh kh&aacute;ch. Cảm gi&aacute;c l&aacute;i c&agrave;ng được tối ưu hơn nữa với động cơ BMW TwinPower Turbo, gi&uacute;p động cơ vận h&agrave;nh hiệu quả song vẫn cực kỳ phấn kh&iacute;ch.</p>\r\n','<p>&nbsp;Động cơ/ Dung t&iacute;ch: I3/ 1.499 cc.<br />\r\n- C&ocirc;ng suất cực đại: 100(136)/4.500-6.000 Kw(Hp)/rpm.<br />\r\n- Momen xoắn cực đại: 220/1.250-4.300 Nm/rpm.<br />\r\n- Hộp số: Tự động 8 cấp.<br />\r\n- Thời gian tăng tốc từ 0-100 km/h: 8,5 gi&acirc;y.<br />\r\n- K&iacute;ch thước D&agrave;i x Rộng x Cao: 4.329 x 1.984 x 1.440 mm.<br />\r\n- Chiều d&agrave;i cơ sở: 2.690 mm.</p>\r\n','1530163703290_bmw-1-series-118i-hatchback-2017-hoan-toan-moi.jpg',1300000000,2,10,0,'Mỹ','2018-06-28',0),(35,'BMW 1 Series 118i',8,2,'<p>Cụm đ&egrave;n trước Bi-xenon t&iacute;ch hợp đ&egrave;n LED chiếu s&aacute;ng ban ng&agrave;y Đ&egrave;n b&aacute;o rẽ tr&ecirc;n gương chiếu hậu, cụm đ&egrave;n sau &amp; đ&egrave;n phanh thứ ba c&ocirc;ng nghệ LED Gương chiếu hậu chống ch&oacute;i tự động; gương chiếu hậu b&ecirc;n ngo&agrave;i chỉnh &amp; gập điện Chức năng ECO start/stop tự động ngắt động cơ khi xe tạm dừng; gi&uacute;p giảm thiểu ti&ecirc;u hao nhi&ecirc;u liệu &amp; kh&iacute; xả Hệ thống hỗ trợ đỗ xe chủ động Active parking assist t&iacute;ch hợp PARKTRONIC d&ograve; t&igrave;m kh&ocirc;ng gian đỗ xe ph&ugrave; hợp; tự động điều khiển tay l&aacute;i v&agrave; phanh để đưa xe v&agrave;o chỗ đỗ (cả trong trường hợp đỗ xe song song &amp; đỗ xe vu&ocirc;ng g&oacute;c)</p>\r\n','<p>M&agrave;u ngoại thất: N&acirc;u</p>\r\n\r\n<p>M&agrave;u nội thất: X&aacute;m</p>\r\n\r\n<p>Số cửa: 5</p>\r\n\r\n<p>Số chỗ ngồi: 5</p>\r\n','1530163967764_bmw-1-series-118i-hatchback.jpg',1300000000,1,12,0,'Mỹ','2018-06-28',0),(36,'BMW X1 sDrive18i',8,3,'<p>Cụm đ&egrave;n trước Bi-xenon t&iacute;ch hợp đ&egrave;n LED chiếu s&aacute;ng ban ng&agrave;y Đ&egrave;n b&aacute;o rẽ tr&ecirc;n gương chiếu hậu, cụm đ&egrave;n sau &amp; đ&egrave;n phanh thứ ba c&ocirc;ng nghệ LED Gương chiếu hậu chống ch&oacute;i tự động; gương chiếu hậu b&ecirc;n ngo&agrave;i chỉnh &amp; gập điện Chức năng ECO start/stop tự động ngắt động cơ khi xe tạm dừng; gi&uacute;p giảm thiểu ti&ecirc;u hao nhi&ecirc;u liệu &amp; kh&iacute; xả Hệ thống hỗ trợ đỗ xe chủ động Active parking assist t&iacute;ch hợp PARKTRONIC d&ograve; t&igrave;m kh&ocirc;ng gian đỗ xe ph&ugrave; hợp; tự động điều khiển tay l&aacute;i v&agrave; phanh để đưa xe v&agrave;o chỗ đỗ (cả trong trường hợp đỗ xe song song &amp; đỗ xe vu&ocirc;ng g&oacute;c)</p>\r\n','<p>M&agrave;u ngoại thất: N&acirc;u</p>\r\n\r\n<p>M&agrave;u nội thất: X&aacute;m</p>\r\n\r\n<p>Số cửa: 5</p>\r\n\r\n<p>Số chỗ ngồi: 5</p>\r\n','1530164149643_bmw-x1-sdrive18i.jpg',1700000000,2,12,0,'Mỹ','2018-06-28',0),(37,'BMW 7 Series 730Li',8,1,'<p>Cụm đ&egrave;n trước Bi-xenon t&iacute;ch hợp đ&egrave;n LED chiếu s&aacute;ng ban ng&agrave;y Đ&egrave;n b&aacute;o rẽ tr&ecirc;n gương chiếu hậu, cụm đ&egrave;n sau &amp; đ&egrave;n phanh thứ ba c&ocirc;ng nghệ LED Gương chiếu hậu chống ch&oacute;i tự động; gương chiếu hậu b&ecirc;n ngo&agrave;i chỉnh &amp; gập điện Chức năng ECO start/stop tự động ngắt động cơ khi xe tạm dừng; gi&uacute;p giảm thiểu ti&ecirc;u hao nhi&ecirc;u liệu &amp; kh&iacute; xả Hệ thống hỗ trợ đỗ xe chủ động Active parking assist t&iacute;ch hợp PARKTRONIC d&ograve; t&igrave;m kh&ocirc;ng gian đỗ xe ph&ugrave; hợp; tự động điều khiển tay l&aacute;i v&agrave; phanh để đưa xe v&agrave;o chỗ đỗ (cả trong trường hợp đỗ xe song song &amp; đỗ xe vu&ocirc;ng g&oacute;c)</p>\r\n','<p>M&agrave;u ngoại thất: N&acirc;u</p>\r\n\r\n<p>M&agrave;u nội thất: X&aacute;m</p>\r\n\r\n<p>Số cửa: 5</p>\r\n\r\n<p>Số chỗ ngồi: 5</p>\r\n','1530164333736_bmw-7-series-730li-1480950774-584583f676a0c.jpg',1400000000,1,10,0,'Mỹ','2018-06-28',0),(38,'Volvo V90',11,4,'<p>Volvo V90 Cross Country 2018 l&agrave; sự kết hợp của sự sang trọng, an to&agrave;n v&agrave; thực dụng. Xe sở hữu phong c&aacute;ch thiết kế đặc trưng của một chiếc Wagon vốn đang được đ&ocirc;ng đảo kh&aacute;ch h&agrave;ng tại ch&acirc;u &Acirc;u y&ecirc;u th&iacute;ch. Với V90 Volvo đ&atilde; hiện đ&atilde; c&oacute; 03 d&ograve;ng sản phẩm thuộc 90 Series ở c&aacute;c ph&acirc;n kh&uacute;c kh&aacute;c nhau gồm: XC90 &ndash; SUV, S90 &ndash; sedan v&agrave; V90 &ndash; wagon.<br />\r\nVề thiết kế b&ecirc;n ngo&agrave;i, Volvo V90 Cross Country c&oacute; những n&eacute;t tương đồng cơ bản với mẫu sedan S90 hiện đang được ph&acirc;n phối ch&iacute;nh h&atilde;ng tại thị trường Việt Nam. Điểm kh&aacute;c biết r&otilde; n&eacute;t nhất giữa S90 v&agrave; V90 c&oacute; lẽ l&agrave; ở thiết kế đu&ocirc;i xe mở rộng. Ph&aacute;t triển tr&ecirc;n nền tảng Scalable Platform Architecture (SPA) chung với d&ograve;ng SUV XC90 của Volvo, V90 Cross Country mang thiết kế trẻ trung. Về thiết kế b&ecirc;n ngo&agrave;i, Volvo V90 tạo điểm nhấn với lưới tản nhiệt l&otilde;m v&agrave; cụm đ&egrave;n pha LED Thor&rsquo;s Hammer h&igrave;nh chữ T tương tự mẫu S90<br />\r\nVolvo V90 Cross Country c&oacute; chiều d&agrave;i 4.939mm, rộng 1.503mm, cao 1.543mm v&agrave; chiều d&agrave;i cơ sở đạt 2.941mm. Do c&oacute; thiết kế Wagon n&ecirc;n V90 sở hữu khoảng duỗi ch&acirc;n ở h&agrave;ng 2 rất rộng. C&ugrave;ng với đ&oacute; l&agrave; kh&ocirc;ng gian chứa đồ ph&iacute;a sau lớn hơn những mẫu xe kh&aacute;c, đặc biệt l&agrave; khi gập phẳng h&agrave;ng ghế thứ 2 xuống. Kh&ocirc;ng chỉ c&oacute; vậy, khoảng s&aacute;ng gầm của V90 cũng cao hơn S90 khiến cho &ldquo;v&oacute;c d&aacute;ng&rdquo; b&ecirc;n ngo&agrave;i của V90 thanh tho&aacute;t hơn rất nhiều.<br />\r\nB&ecirc;n trong, Volvo V90 Cross Country 2018 được trang bị m&agrave;n h&igrave;nh hiển thị HUD, kiểm so&aacute;t h&agrave;nh tr&igrave;nh, m&agrave;n h&igrave;nh trung t&acirc;m giải tr&iacute; cảm ứng SENSUS 9 inch (c&oacute; thể điều khiển được gần như to&agrave;n bộ c&aacute;c t&iacute;nh năng tr&ecirc;n xe) t&iacute;ch hợp Apple CarPlay, ch&igrave;a kh&oacute;a th&ocirc;ng minh, ghế ch&iacute;nh điện, bảng điều khiển trung t&acirc;m v&agrave; ốp cửa bọc da, ghế bọc da Nappa, Hệ thống &acirc;m thanh tr&ecirc;n chiếc V90 Cross Country mới về Việt Nam l&agrave; loại Bowers &amp; Wilkins với 19 loa c&ocirc;ng suất l&ecirc;n đến 1400 Watt, thương hiệu loa nổi tiếng h&agrave;ng đầu đến từ Anh Quốc.<br />\r\nVovlo V90 Cross Country 2018 đầu ti&ecirc;n c&oacute; mặt tại Việt Nam được trang bị hệ thống động cơ 4 kỳ tăng &aacute;p, 4 xy-lanh thẳng h&agrave;ng, dung t&iacute;ch 2.0L, sản sinh c&ocirc;ng suất 320 m&atilde; lực tại 5.700 v&ograve;ng/ph&uacute;t, m&ocirc;-men xoắn cực đại 400 Nm tại 2.200 đến 5.400 v&ograve;ng/ph&uacute;t. Hệ thống động cơ n&agrave;y đi k&egrave;m hộp số cấp v&agrave; hệ dẫn động 4 b&aacute;nh to&agrave;n thời gian.<br />\r\nXe c&oacute; khả năng tăng tốc từ 0 đến 100 km/h trong v&ograve;ng 6,3 gi&acirc;y v&agrave; tốc độ tối đa đạt 230 km/h. Mức ti&ecirc;u hao nhi&ecirc;n liệu của V90 Cross Country do nh&agrave; sản xuất c&ocirc;ng bố l&agrave; 8.1L/100 km.<br />\r\nMột số t&igrave;nh năng an to&agrave;n được trang bị cho Volvo V90 Cross Country 2018 gồm: cảnh b&aacute;o va chạm, hộ trợ giữ l&agrave;n, cảnh b&aacute;o lệch l&agrave;n, 4 chế độ l&aacute;i, hỗ trợ l&ecirc;n/xuống dốc, camera l&ugrave;i, hỗ trợ đỗ xe tự động&hellip;</p>\r\n','<p>M&agrave;u ngoại thất: N&acirc;u</p>\r\n\r\n<p>M&agrave;u nội thất: X&aacute;m</p>\r\n\r\n<p>Số cửa: 5</p>\r\n\r\n<p>Số chỗ ngồi: 5</p>\r\n','1530164582853_ban-xe-volvo-v90-1514618760-5a473f885abb5.jpg',2000000000,2,12,0,'Mỹ','2018-06-28',0),(39,'Volvo XC60 Momentum',11,3,'<p><strong>Volvo XC60 d&ograve;ng SUV</strong>&nbsp;5 chỗ nhỏ gọn to&aacute;t l&ecirc;n sự đơn giản trong thiết kế, tinh tế trong cảm nhận v&agrave; tiện nghi khi sử dụng. Trong ph&acirc;n kh&uacute;c d&ograve;ng SUV kh&ocirc;ng thể kh&ocirc;ng n&oacute;i đến c&aacute;c thương hiệu xe đ&atilde; quen thuộc tại Việt Nam như: &nbsp;BMW X3, Lexus NX 200T, Audi Q5, Mercedes GLC Class, th&igrave; Volvo XC60 nhẹ nh&agrave;ng lăn b&aacute;nh đứng cạnh v&agrave; đọ sức với c&aacute;c d&ograve;ng xe trong c&ugrave;ng ph&acirc;n kh&uacute;c.<br />\r\nVolvo XC60 tại Việt Nam (gi&aacute; b&aacute;n 1.960.000.000đ) đ&atilde; nhanh ch&oacute;ng trở th&agrave;nh qu&acirc;n b&agrave;i hạng mạnh với c&ocirc;ng nghệ. an to&agrave;n cao v&agrave; xuất sắc trong từng tiểu tiết.<br />\r\nĐối với c&aacute;c tay y&ecirc;u xe th&igrave; việc sở hữu một chiếc SUV hạng sang l&agrave; cả một niềm mơ ước, lại c&agrave;ng tuyệt vời hơn khi t&igrave;m hiểu cặn kẽ về t&iacute;nh năng đặc biệt của h&atilde;ng xe Volvo ti&ecirc;u biểu l&agrave; chiến binh Volvo XC60. Vậy chiến binh n&agrave;y đ&atilde; tạo n&ecirc;n điều thần th&aacute;nh g&igrave; m&agrave; khiến c&aacute;c h&atilde;ng xe kh&aacute;c phải tức tốc cạnh tranh để s&aacute;nh vai c&ugrave;ng anh ta?</p>\r\n','<p>M&agrave;u ngoại thất: N&acirc;u</p>\r\n\r\n<p>M&agrave;u nội thất: X&aacute;m</p>\r\n\r\n<p>Số cửa: 5</p>\r\n\r\n<p>Số chỗ ngồi: 5</p>\r\n','1530164754853_volvo-xc60-momentum-mau-trang-ngoc-1497199731-593d7473b41e1.jpg',2000000000,2,12,0,'Mỹ','2018-06-28',0),(40,'Volvo XC60',11,3,'<p><strong>Volvo XC60 d&ograve;ng SUV</strong>&nbsp;5 chỗ nhỏ gọn to&aacute;t l&ecirc;n sự đơn giản trong thiết kế, tinh tế trong cảm nhận v&agrave; tiện nghi khi sử dụng. Trong ph&acirc;n kh&uacute;c d&ograve;ng SUV kh&ocirc;ng thể kh&ocirc;ng n&oacute;i đến c&aacute;c thương hiệu xe đ&atilde; quen thuộc tại Việt Nam như: &nbsp;BMW X3, Lexus NX 200T, Audi Q5, Mercedes GLC Class, th&igrave; Volvo XC60 nhẹ nh&agrave;ng lăn b&aacute;nh đứng cạnh v&agrave; đọ sức với c&aacute;c d&ograve;ng xe trong c&ugrave;ng ph&acirc;n kh&uacute;c.<br />\r\nVolvo XC60 tại Việt Nam (gi&aacute; b&aacute;n 1.960.000.000đ) đ&atilde; nhanh ch&oacute;ng trở th&agrave;nh qu&acirc;n b&agrave;i hạng mạnh với c&ocirc;ng nghệ. an to&agrave;n cao v&agrave; xuất sắc trong từng tiểu tiết.<br />\r\nĐối với c&aacute;c tay y&ecirc;u xe th&igrave; việc sở hữu một chiếc SUV hạng sang l&agrave; cả một niềm mơ ước, lại c&agrave;ng tuyệt vời hơn khi t&igrave;m hiểu cặn kẽ về t&iacute;nh năng đặc biệt của h&atilde;ng xe Volvo ti&ecirc;u biểu l&agrave; chiến binh Volvo XC60. Vậy chiến binh n&agrave;y đ&atilde; tạo n&ecirc;n điều thần th&aacute;nh g&igrave; m&agrave; khiến c&aacute;c h&atilde;ng xe kh&aacute;c phải tức tốc cạnh tranh để s&aacute;nh vai c&ugrave;ng anh ta?</p>\r\n','<ul>\r\n	<li>Volvo XC60 c&oacute; k&iacute;ch thước 4.643 x 1.890 x 1.712 mm, v&agrave; chiều d&agrave;i cơ sở l&agrave; 2.774mm</li>\r\n	<li>Volvo XC60 T6 v&agrave; phi&ecirc;n bản Volvo XC60 R-Design sở hữu bộ tăng &aacute;p 320 m&atilde; lực, momen xoắn 400Nm, sức k&eacute;o l&ecirc;n tới 1990kg.</li>\r\n	<li>Volvo XC60 T5 động cơ tăng &aacute;p 4 xi lanh, dung t&iacute;ch 2.0lit, c&ocirc;ng suất 240 m&atilde; lực, momen xoắn 350Nm, nếu được trang bị đầy đủ sức k&eacute;o l&agrave; 1588kg.</li>\r\n	<li>Khả năng tăng tốc của volvo XC60 T5 từ 0-97km/h trong 6.8 gi&acirc;y, XC60 T6 l&agrave; 6.4 gi&acirc;y v&agrave; XC60 R-Design l&agrave; 6.2 gi&acirc;y.</li>\r\n</ul>\r\n','1530164962236_volvo-xc60-mau-xanh-ngoc-1497890419-5947fe73a079b.jpg',2000000000,1,12,0,'Mỹ','2018-06-28',0),(41,'Volvo XC60 Momentum',11,4,'<p><strong>Volvo XC60 d&ograve;ng SUV</strong>&nbsp;5 chỗ nhỏ gọn to&aacute;t l&ecirc;n sự đơn giản trong thiết kế, tinh tế trong cảm nhận v&agrave; tiện nghi khi sử dụng. Trong ph&acirc;n kh&uacute;c d&ograve;ng SUV kh&ocirc;ng thể kh&ocirc;ng n&oacute;i đến c&aacute;c thương hiệu xe đ&atilde; quen thuộc tại Việt Nam như: &nbsp;BMW X3, Lexus NX 200T, Audi Q5, Mercedes GLC Class, th&igrave; Volvo XC60 nhẹ nh&agrave;ng lăn b&aacute;nh đứng cạnh v&agrave; đọ sức với c&aacute;c d&ograve;ng xe trong c&ugrave;ng ph&acirc;n kh&uacute;c.<br />\r\nVolvo XC60 tại Việt Nam (gi&aacute; b&aacute;n 1.960.000.000đ) đ&atilde; nhanh ch&oacute;ng trở th&agrave;nh qu&acirc;n b&agrave;i hạng mạnh với c&ocirc;ng nghệ. an to&agrave;n cao v&agrave; xuất sắc trong từng tiểu tiết.<br />\r\nĐối với c&aacute;c tay y&ecirc;u xe th&igrave; việc sở hữu một chiếc SUV hạng sang l&agrave; cả một niềm mơ ước, lại c&agrave;ng tuyệt vời hơn khi t&igrave;m hiểu cặn kẽ về t&iacute;nh năng đặc biệt của h&atilde;ng xe Volvo ti&ecirc;u biểu l&agrave; chiến binh Volvo XC60. Vậy chiến binh n&agrave;y đ&atilde; tạo n&ecirc;n điều thần th&aacute;nh g&igrave; m&agrave; khiến c&aacute;c h&atilde;ng xe kh&aacute;c phải tức tốc cạnh tranh để s&aacute;nh vai c&ugrave;ng anh ta?</p>\r\n','<p>M&agrave;u ngoại thất: N&acirc;u</p>\r\n\r\n<p>M&agrave;u nội thất: X&aacute;m</p>\r\n\r\n<p>Số cửa: 5</p>\r\n\r\n<p>Số chỗ ngồi: 5</p>\r\n','1530165259639_volvo-xc60-momentum-mau-den-tuyen.jpg',2000000000,0,12,0,'Mỹ','2018-06-28',0),(42,'Hyundai Elantra',13,1,'<p>Một bước đột ph&aacute; mang t&iacute;nh c&aacute;ch mạng Tinh tế tinh tế với phong c&aacute;ch biểu hiện v&agrave; động lực ấn tượng, thể thao của Elantra Sport được cải tạo lại c&oacute; khả năng k&iacute;ch th&iacute;ch cảm gi&aacute;c của bạn.<br />\r\nMạnh mẽ v&agrave; năng động&nbsp;<br />\r\nĐ&egrave;n LED bắt mắt v&agrave; đ&egrave;n pha HID rực rỡ tạo ấn tượng mạnh mẽ với thiết kế linh hoạt v&agrave; thiết kế thể thao.Phần mặt ca lăng cũng được thay đổi nổi bật với lưới tản nhiệt mạ croom to hơn thể thao hơn, b&ecirc;n g&oacute;c tr&aacute;i của lưới tản nhiệt được gắn th&ecirc;m chữ Turbo để dễ d&agrave;ng nhận diện hơn. Cụm đ&egrave;n pha cũng được thay đổi r&otilde; rệt với phần m&iacute; đ&egrave;n sắc n&eacute;t hơn phi&ecirc;n bản trước đ&oacute;.&nbsp;<br />\r\nĐiểm nội bật nhất l&agrave; phần đ&egrave;n gầm được thiết kế v&ocirc; c&ugrave;ng độc đ&aacute;o v&agrave; thể thao với dải đ&egrave;n LeD ban ng&agrave;y</p>\r\n','<p>Số cửa: 4</p>\r\n\r\n<p>Số chỗ: 5</p>\r\n\r\n<p>M&agrave;u xe: Trắng</p>\r\n\r\n<p>M&agrave;u nội thất: M&agrave;u kh&aacute;c</p>\r\n','1530244281869_20170727160002-af7d_wm.jpg',545000000,2,12,0,'Mỹ','2018-06-29',0),(43,'Hyundai Elantra CKD ',13,1,'<p>Xe được trang bị 3 chế độ l&aacute;i: Eco, Normal, v&agrave; Sport.<br />\r\n- Ch&igrave;a kh&oacute;a th&ocirc;ng minh, khởi động n&uacute;t bấm, t&iacute;ch hợp n&uacute;t điều chỉnh &acirc;m thanh, ghế bọc da cao cấp, ghế l&aacute;i chỉnh điện 10 hướng tr&ecirc;n phi&ecirc;n bản 2.0, sưởi ghế h&agrave;ng ghế trước, Mặt Taplo si&ecirc;u s&aacute;ng, cửa sổ trời, điều h&ograve;a tự động 2 v&ugrave;ng độc lập, c&ugrave;ng cửa gi&oacute; h&agrave;ng ghế sau.<br />\r\n- M&agrave;n h&igrave;nh giải tr&iacute; dvd &amp; dẫn đường 7 inch, USB, AUX, Bluetooth ????☎????.<br />\r\n- C&ugrave;ng d&agrave;n &acirc;m thanh 6 loa chất lượng cao. ????????????Sạc điện USB, Điều khiển h&agrave;nh tr&igrave;nh &ndash; Cruise Control. Cụm đ&egrave;n pha HID, dải đ&egrave;n Led chạy ban ng&agrave;y, đ&egrave;n pha tự đ&ocirc;̣ng????????????????.</p>\r\n','<p>Số cửa: 4</p>\r\n\r\n<p>Số chỗ: 5</p>\r\n\r\n<p>Hộp số: Số tự động</p>\r\n\r\n<p>Dẫn động: FWD - Dẫn động cầu trước</p>\r\n','1530244503270_20170922100615-6afc_wm.jpg',550000000,0,12,0,'Mỹ','2018-06-29',0),(44,'Hyundai Elantra',13,1,'<p>Xe được trang bị 3 chế độ l&aacute;i: Eco, Normal, v&agrave; Sport ????????????.<br />\r\n- Ch&igrave;a kh&oacute;a th&ocirc;ng minh, khởi động n&uacute;t bấm, t&iacute;ch hợp n&uacute;t điều chỉnh &acirc;m thanh, ghế bọc da cao cấp, ghế l&aacute;i chỉnh điện 10 hướng tr&ecirc;n phi&ecirc;n bản 2.0, sưởi ghế h&agrave;ng ghế trước, Mặt Taplo si&ecirc;u s&aacute;ng, cửa sổ trời, điều h&ograve;a tự động 2 v&ugrave;ng độc lập, c&ugrave;ng cửa gi&oacute; h&agrave;ng ghế sau.<br />\r\n- M&agrave;n h&igrave;nh giải tr&iacute; dvd &amp; dẫn đường 7 inch, USB, AUX, Bluetooth ????☎????????????????????.<br />\r\n- C&ugrave;ng d&agrave;n &acirc;m th&agrave;nh 6 loa chất lượng cao. ????????????Sạc điện USB, Điều khiển h&agrave;nh tr&igrave;nh &ndash; Cruise Control. C&ugrave;m đ&egrave;n pha HID, dải đ&egrave;n Led chạy ban ng&agrave;y, đ&egrave;n pha tự đ&ocirc;̣ng????????????????.</p>\r\n','<p>Số cửa: 4</p>\r\n\r\n<p>Số chỗ: 5</p>\r\n\r\n<p>Hộp số: Số tự động</p>\r\n\r\n<p>Dẫn động: FWD - Dẫn động cầu trước</p>\r\n','1530244677565_20170922101024-41bb_wm.jpg',550000000,0,12,0,'Mỹ','2018-06-29',0),(45,'Peugeot 5008',14,3,'<p>rải nghiệm &quot;Chất Ph&aacute;p&quot; c&ugrave;ng Peugeot.<br />\r\n????Tối ưu hệ thống an to&agrave;n.<br />\r\n????Giao xe ngay.<br />\r\n????Hỗ trợ trả g&oacute;p 80%.<br />\r\n????Với Peugeot.<br />\r\n☑Kh&ocirc;ng đơn thuần l&agrave; sự thoải m&aacute;i, thuận tiện.<br />\r\n☑Peugeot bước ra khỏi những điều đơn giản nhất.<br />\r\n☑Đột ph&aacute; về c&ocirc;ng nghệ, chất về ngoại h&igrave;nh, tinh tế về gi&aacute; b&aacute;n.<br />\r\n☑H&atilde;y để Peugeot với nội thất được thiết kế theo ng&ocirc;n ngữ.</p>\r\n','<p>Số cửa: 5</p>\r\n\r\n<p>Số chỗ: 5</p>\r\n\r\n<p>Hộp số: Số tự động</p>\r\n\r\n<p>Dẫn động: FWD - Dẫn động cầu trước</p>\r\n\r\n<p>Nhi&ecirc;n liệu: Xăng</p>\r\n','1530244945630_20180511135709-2b4b_wm.jpg',1500000000,0,12,0,'Mỹ','2018-06-29',0),(46,'Peugeot 5008 1.6 AT',14,3,'<p>&nbsp;Xe mới ho&agrave;n to&agrave;n.&nbsp;<br />\r\nMột số trang bị tiện &iacute;ch tr&ecirc;n xe:<br />\r\n- Động cơ 1.6 c&oacute; turbo tương đương với m&aacute;y 2.5,vận h&agrave;nh &ecirc;m &aacute;i, tiệt kiệm nhi&ecirc;n liệu tối ưu.<br />\r\n- Nội thất xe rất hiện đại, thiết kế theo ng&ocirc;n ngữ new i-cockpit, m&ocirc; phỏng khoang l&aacute;i m&aacute;y bay.<br />\r\n- Hệ thống đ&egrave;n trước v&agrave; sau full led.<br />\r\n- Hệ thống 12 cảm biến trước v&agrave; sau.<br />\r\n- Camera l&ugrave;i, camera 180.<br />\r\n- Gương chỉnh điện, cốp điện v&agrave; c&oacute; đ&aacute; cốp.<br />\r\n- H&agrave;ng ghế trước chỉnh điện 8 hướng, k&egrave;m massage v&agrave; nhớ vị tr&iacute; ghế.<br />\r\n- Hệ thống 10 loa Focal nhập khẩu Ph&aacute;p.&nbsp;</p>\r\n','<p>Số cửa: 5</p>\r\n\r\n<p>Số chỗ: 7</p>\r\n\r\n<p>Hộp số: Số tự động</p>\r\n\r\n<p>Dẫn động: FWD - Dẫn động cầu trước</p>\r\n\r\n<p>Nhi&ecirc;n liệu: Loại kh&aacute;c</p>\r\n','1530245095268_20180514175944-3558_wm.jpg',1400000000,0,12,0,'Mỹ','2018-06-29',0),(47,'Peugeot 5008 ',14,3,'<p>Hỗ trợ trả g&oacute;p, c&oacute; xe đi ngay.<br />\r\n☑️ Xe thương hiệu Ph&aacute;p chuẩn Ch&acirc;u &Acirc;u.<br />\r\n☑️ Kiểu d&aacute;ng mạnh mẽ trẻ trung phong c&aacute;ch thể thao.<br />\r\n☑️ Nội thất thiết kế theo ng&ocirc;n ngữ mới i-Cockpit được m&ocirc; phỏng như khoang l&aacute;i phi thuyền t&iacute;ch hợp c&aacute;c trang thiết bị th&ocirc;ng minh tiện nghi.<br />\r\n☑️ Hệ thống an to&agrave;n h&agrave;ng đầu.<br />\r\n☑️ C&oacute; 2 phi&ecirc;n bản 3008 All New &amp; 5008 gi&aacute; b&aacute;n lần lượt l&agrave; 1.199 &amp; 1.399 triệu.<br />\r\n☑️ Xe c&oacute; c&aacute;c m&agrave;u tham khảo th&ecirc;m trong file ảnh đ&iacute;nh k&egrave;m.<br />\r\n☑️ L&aacute;i thử v&agrave; trải nghiệm xe thực tế vui l&ograve;ng li&ecirc;n hệ để được tư vấn tốt nhất.&nbsp;</p>\r\n','<p>Số cửa: 5</p>\r\n\r\n<p>Số chỗ: 7</p>\r\n\r\n<p>Hộp số: Số tự động</p>\r\n\r\n<p>Nhi&ecirc;n liệu: Xăng</p>\r\n','1530245285049_20180607101736-1d4b_wm.jpg',1400000000,0,12,0,'Mỹ','2018-06-29',0),(48,' Chevrolet Cruze',10,1,'<p>Tổng thể ngoại thất&nbsp;<a href=\"https://banxehoi.com/xe-chevrolet-cruze-nam-2018\">xe Chevrolet Cruze 2018</a>&nbsp;được đ&aacute;nh gi&aacute; l&agrave; đẹp v&agrave; sang trọng bậc nhất ph&acirc;n kh&uacute;c C&nbsp;<br />\r\nTheo xu hướng hiện đại, lưới tản nhiệt được thiết kế ho&agrave;n to&agrave;n mới kết hợp với viền chrome v&agrave; logo Chevrolet tạo sự khỏe khoắn v&agrave; sang trọng cho phần đầu xe<br />\r\nLưới tản nhiệt Chevrolet Cruze 2018 n&acirc;ng cấp<br />\r\nCụm đ&egrave;n pha của Chevrolet Cruze 2018 được thiết kế mới dạng Halogen thấu k&iacute;nh Projector, ngay ph&iacute;a dưới l&agrave; dải đ&egrave;n LED ban ng&agrave;y bắt mắt. Cruze mới tự tin dẫn đường trong mọi h&agrave;nh tr&igrave;nh với đ&ocirc;i mắt ấn tượng.&nbsp;<br />\r\nThay bằng đ&egrave;n gầm thường, đ&egrave;n sương m&ugrave; dạng thấu k&iacute;nh mang lại tầm nh&igrave;n tốt hơn khi điều khiển xe trong thời tiết xấu. Ngay tr&ecirc;n đ&oacute; l&agrave; dải đ&egrave;n LED ban ng&agrave;y kết hợp với c&aacute;c chi tiết xung quanh một c&aacute;ch ho&agrave;n hảo, th&ecirc;m vẻ sang trọng v&agrave; hiện đại cho CRUZE 2018.</p>\r\n','<p>Số cửa: 4</p>\r\n\r\n<p>Số chỗ: 5</p>\r\n\r\n<p>Hộp số: Số tay</p>\r\n\r\n<p>Dẫn động: FWD - Dẫn động cầu trước</p>\r\n\r\n<p>Nhi&ecirc;n liệu: Xăng</p>\r\n','1530245506626_20180531161401-0b1a_wm.jpg',600000000,0,12,0,'Mỹ','2018-06-29',0),(49,'hevrolet Cruze',10,1,'<p>&nbsp;Tất cả c&aacute;c d&ograve;ng xe Chevrolet c&oacute; rất nhiều t&iacute;nh năng v&agrave; tiện &iacute;ch ưu việt, kh&aacute;ch h&agrave;ng vui l&ograve;ng li&ecirc;n hệ để được l&aacute;i thử trải nghiệm v&agrave; tự m&igrave;nh đ&aacute;nh gi&aacute;:<br />\r\n++ Chevrolet Cruze LT với động cơ 1.6L.<br />\r\n++ Hộp số s&agrave;n 5 cấp D&agrave;i x Rộng x Cao (mm) 4640 x 1797x 1478.<br />\r\n++ Dung t&iacute;ch b&igrave;nh nhi&ecirc;n liệu (l&iacute;t) 60L.<br />\r\n++ Hệ thống phanh trước/sau: Đĩa / Đĩa.<br />\r\n++ Hệ thống chống b&oacute; cứng phanh (ABS) 4 b&aacute;nh.<br />\r\n++ Cảnh b&aacute;o thắt d&acirc;y an to&agrave;n ghế l&aacute;i.<br />\r\n++ 2 T&uacute;i kh&iacute; an to&agrave;n.<br />\r\n++ Kh&oacute;a cửa tự động theo vận tốc.<br />\r\n++ Đ&egrave;n led ban ng&agrave;y...</p>\r\n','<p>Số cửa: 4</p>\r\n\r\n<p>Số chỗ: 5</p>\r\n\r\n<p>Hộp số: Số tay</p>\r\n\r\n<p>Dẫn động: FWD - Dẫn động cầu trước</p>\r\n\r\n<p>Nhi&ecirc;n liệu: Xăng</p>\r\n','1530245727483_20170406140612-7406_wm.jpg',600000000,0,10,0,'Mỹ','2018-06-29',0),(50,'Hyundai Grand i10',13,2,'<p>Với những th&agrave;nh phố chật chội v&agrave; mong muốn t&igrave;m kiếm một mẫu xe nhỏ gọn ph&ugrave; hợp với việc di chuyển trong khu vực th&agrave;nh phố thị l&yacute; tưởng th&igrave;&nbsp;<a href=\"https://banxehoi.com/xe-hyundai-grand-i10-nam-2018\">Hyundai Grand i10 2018</a>&nbsp;l&agrave; một lựa chọn ho&agrave;n hảo d&agrave;nh cho bạn. Đ&acirc;y l&agrave; một mẫu xe hấp dẫn với nhiều tiện &iacute;ch vượt trội nằm ngo&agrave;i mong đợi của bạn. Vậy n&ecirc;n h&atilde;y đến với ch&uacute;ng t&ocirc;i, bạn sẽ được trải nghiệm về d&ograve;ng xe n&agrave;y.</p>\r\n','<p>Số cửa: 5</p>\r\n\r\n<p>Số chỗ: 5</p>\r\n\r\n<p>Hộp số: Số tay</p>\r\n\r\n<p>Dẫn động: FWD - Dẫn động cầu trước</p>\r\n\r\n<p>Nhi&ecirc;n liệu: Xăng</p>\r\n','1530245941403_20180616084358-6593_wm.jpg',324000000,0,12,0,'Mỹ','2018-06-29',0),(51,'Hyundai Grand i10 CKD',8,2,'<p>Hyundai Grand I10 2018 - Nhấn n&uacute;t khởi động cuộc sống mới.<br />\r\n???????? ???? Bạn c&oacute; tin chỉ với 90 triệu VNĐ Sở hữu ngay Hyundai Grand i10 2018 mới 100% đủ m&agrave;u sắc.<br />\r\n★★Trả g&oacute;p h&agrave;ng th&aacute;ng chỉ từ 5,8 triệu/th&aacute;ng (T&ugrave;y khoản vay, đã bao g&ocirc;̀m gốc v&agrave; l&atilde;i)★★.<br />\r\n???? Hỗ trợ vay từ 3 đến 7 năm, l&atilde;i suất cực ưu đ&atilde;i từ c&aacute;c Ng&acirc;n H&agrave;ng: Sacombank, MBbank, Vpbank, VIBbank, Shinhanbank, TPbank.... Tất to&aacute;n trước thời hạn vay.<br />\r\n???????????? Hỗ trợ trọn g&oacute;i đăng k&yacute;, đăng kiểm, thủ tục đăng k&yacute; kinh doanh vận tải, Uber, Grab miễn ph&iacute; cho Qu&yacute; KH.</p>\r\n','<p>Số cửa: 5</p>\r\n\r\n<p>Số chỗ: 5</p>\r\n\r\n<p>Hộp số: Số tay</p>\r\n\r\n<p>Dẫn động: FWD - Dẫn động cầu trước</p>\r\n','1530246213103_20170925163203-09eb_wm.jpg',400000000,0,12,0,'Mỹ','2018-06-29',0),(52,'Hyundai Tucson 2018',13,3,'<p>Hỗ trợ kh&aacute;ch h&agrave;ng mua xe trả g&oacute;p đến 80% gi&aacute; trị xe, thời gian vay tối đa 7 năm. Thủ tục đơn giản nhanh gọn, thời gian thẩm duyệt trong v&ograve;ng 24h, kể cả kh&aacute;ch h&agrave;ng ở tỉnh<br />\r\n+ Qu&agrave; tặng từ 8-10 m&oacute;n cực kỳ hấp dẫn<br />\r\n+ Giao xe v&agrave; hồ sơ xe cho kh&aacute;ch h&agrave;ng nhanh nhất. Hỗ trợ thủ tục đăng k&iacute;, đăng kiểm<br />\r\n+ Tư vấn rất nhiệt t&igrave;nh<br />\r\n+ B&aacute;o gi&aacute; tốt nhất mọi thời điểm<br />\r\n+ Cập nhật khuyến m&atilde;i thường xuy&ecirc;n<br />\r\n+ Tối ưu h&oacute;a t&agrave;i ch&iacute;nh khi mua xe<br />\r\n+ Hỗ trợ đ&oacute;ng thuế trước bạ, đăng k&yacute;... V&agrave; giao xe tận nh&agrave;<br />\r\nVui l&ograve;ng li&ecirc;n hệ để được hỗ trợ v&agrave; khuyến m&atilde;i tốt nhất<br />\r\nTh&ocirc;ng số kỹ thuật:<br />\r\n- Động cơ tăng &aacute;p 1.6L mạnh mẽ v&agrave; tiết kiệm nhi&ecirc;n liệu.<br />\r\n- Hộp số tự động 6 cấp<br />\r\n- Cửa sổ trời to&agrave;n cảnh Panorama<br />\r\n- 3 chế độ l&aacute;i: Ti&ecirc;u chuẩn, thể thao, tiết kiệm<br />\r\n- Điều khiển h&agrave;nh tr&igrave;nh Cruise Control<br />\r\n- Ghế l&aacute;i, ghế phụ chỉnh điện 10 hướng<br />\r\n- Hệ thống ổn định điện tử ESC, ABS, EBD, BA<br />\r\n- Hệ thống hỗ trợ l&ecirc;n xuống dốc HAC, DBC<br />\r\n- 6 t&uacute;i kh&iacute;<br />\r\n- Phanh tay điện tử EPB<br />\r\n- Cốp điện th&ocirc;ng minh</p>\r\n','<p>Số cửa: 5</p>\r\n\r\n<p>Số chỗ: 5</p>\r\n\r\n<p>Hộp số: Số tự động</p>\r\n\r\n<p>Dẫn động: 4WD hoặc AWD</p>\r\n','1530246711253_20180624084506-ce2d.jpg',800000000,0,12,0,'Mỹ','2018-06-29',0),(53,'Tucson 2018',13,3,'<p>Đặc t&iacute;nh kỹ thuật:<br />\r\n- Chiều d&agrave;i cơ sở: 2.670 (mm).<br />\r\n- Khoảng s&aacute;ng gầm xe: 172 (mm).<br />\r\n- Động cơ xăng NU 1.6 L tăng &aacute;p.<br />\r\n- Số tự động 6 cấp.<br />\r\n- Camera hậu; Hệ thống cảnh b&aacute;o l&ugrave;i;<br />\r\n- Hệ thống chống b&oacute; cứng phanh ABS.<br />\r\n- Hệ thống chống b&oacute; cứng phanh điện tử EBD.<br />\r\n- Hệ thống c&acirc;n bằng điện tử ESP; Hệ thống t&uacute;i kh&iacute; b&ecirc;n l&aacute;i + b&ecirc;n phụ, t&uacute;i kh&iacute; r&egrave;m.<br />\r\n- Lazang đ&uacute;c hợp kim; Cỡ lốp 18 inchs.<br />\r\n- V&ocirc; lăng gật g&ugrave;; Trợ lực l&aacute;i điện, chế độ drive mode.</p>\r\n','<p>Số cửa: 5</p>\r\n\r\n<p>Số chỗ: 5</p>\r\n\r\n<p>Hộp số: Số tự độn</p>\r\n','1530247059749_20180628092148-0228_wm.jpg',892000000,0,10,0,'Mỹ','2018-06-29',0),(54,'Hyundai Tucson ',13,3,'<p>Tucson xăng bản đặc biệt 838.000.000 l&aacute;i thử. Xe c&oacute; sẵn, c&oacute; thể giao ngay.<br />\r\nHiện tại đại l&yacute; Hyundai Việt-H&agrave;n c&oacute; rất nhiều mẫu xe c&oacute; sẵn, c&oacute; thể giao ngay (i10, Elantra, Tucson, SantaFe).</p>\r\n','<p>Số cửa: 5</p>\r\n\r\n<p>Số chỗ: 5</p>\r\n\r\n<p>Nhi&ecirc;n liệu: Xăng</p>\r\n','1530247213994_20180629090208-049d_wm.jpg',892000000,0,10,0,'Mỹ','2018-06-29',0),(55,'Audi Q5',12,3,'<p>Chủng loại:&nbsp;<a href=\"https://banxehoi.com/xe-audi-q5\">Audi Q5</a>.<br />\r\nXuất xứ: Đức/Mỹ.<br />\r\nNăm sx/model: 2017.<br />\r\nK&iacute;ch thước (D x R x C) (mm): 4.638x1.897x1.656.<br />\r\nChiều d&agrave;i cơ sở (mm): 2.807.<br />\r\nTự trọng(Kg): 1.850.<br />\r\nDung t&iacute;ch xi lanh (cc): 2.0 L.<br />\r\nKiểu động cơ: I4 TurboCharged/TFSI 16valvelift.</p>\r\n','<p>Số cửa: 5</p>\r\n\r\n<p>Số chỗ: 5</p>\r\n\r\n<p>Hộp số: Số tự động</p>\r\n\r\n<p>Dẫn động: AWD - 4 b&aacute;nh to&agrave;n thời gian</p>\r\n','1530247420955_20180227174311-8617_wm.jpg',2147483647,0,5,0,'Mỹ','2018-06-29',0),(56,'Peugeot 3008',14,3,'<p>- Cảm nhận sự thoải m&aacute;i v&agrave; tiện nghi khi di chuyển với cửa sổ trời Panorama to&agrave;n cảnh.<br />\r\n- Kh&ocirc;ng gian b&ecirc;n trong rộng r&atilde;i v&agrave; thoải m&aacute;i (sử dụng khung gầm Flatform v&agrave; bố tr&iacute; khoan nội thất theo Magic flat gi&uacute;p gia tăng tối đa tiện &iacute;ch kh&ocirc;ng gian trong xe).<br />\r\nPhấn kh&iacute;ch về c&ocirc;ng nghệ mới.<br />\r\n- Hệ thống đ&egrave;n c&ocirc;ng nghệ Full Led Technology.<br />\r\n- Nội thất thiết kế theo triết l&yacute; High-tech i-Cockit@ cuốn h&uacute;t.<br />\r\n- Bảng đồng hồ điện tử 12.3&#39; đa năng, c&ugrave;ng m&agrave;n h&igrave;nh giải tr&iacute; cảm ứng 8&#39;.<br />\r\n- Cần số điện tử sang trọng.</p>\r\n','<p>Số cửa: 5</p>\r\n\r\n<p>Số chỗ: 5</p>\r\n\r\n<p>Hộp số: Số tự động</p>\r\n\r\n<p>Dẫn động: FWD - Dẫn động cầu trước</p>\r\n','1530247604628_20171121134709-73c3_wm.jpg',1200000000,0,5,0,'Mỹ','2018-06-29',0),(57,'Peugeot 3008',14,3,'<p>Cần b&aacute;n xe Peugeot 3008 1.6L Turbo m&agrave;u v&agrave;ng/đen, sản xuất năm 2018.<br />\r\nXe thuộc ph&acirc;n kh&uacute;c SUV/Crossover, 5 chỗ ngồi, 5 cửa, động cơ xăng 1.6L, c&oacute; tăng &aacute;p, sử dụng hộp số tự động 6 cấp với hệ dẫn động cầu trước.&nbsp;<br />\r\nHệ thống an to&agrave;n bao gồm camera l&ugrave;i, cảm biến l&ugrave;i, chống b&oacute; cứng phanh (ABS), ph&acirc;n bố lực phanh điện tử (EBD), trợ lực phanh khẩn cấp (EBA), tự động c&acirc;n bằng điện tử (ESP), điều khiển h&agrave;nh tr&igrave;nh, hệ thống b&aacute;o chống trộm, phanh tay điện tử, hệ thống chống trượt (TCS), cảnh b&aacute;o điểm m&ugrave; (BSD), hệ thống cảnh b&aacute;o phương tiện cắt ngang (RCTA), hệ thống cảnh b&aacute;o lệch l&agrave;n đường (LDWS), hệ thống kiểm so&aacute;t &aacute;p suất lốp (TPMS), cảm biến hỗ trợ đỗ xe trước, hệ thống hỗ trợ xuống dốc (DBC), hệ thống hỗ trợ khởi động ngang dốc (HAC).&nbsp;</p>\r\n','<p>Số cửa: 5</p>\r\n\r\n<p>Số chỗ: 5</p>\r\n\r\n<p>Hộp số: Số tự động</p>\r\n\r\n<p>Dẫn động: FWD - Dẫn động cầu trước</p>\r\n\r\n<p>Nhi&ecirc;n liệu: Xăng</p>\r\n','1530247770944_20180310150042-8178_wm.jpg',1200000000,0,5,0,'Mỹ','2018-06-29',0),(58,'Chevrolet Spark Van',10,1,'<p><a href=\"https://banxehoi.com/xe-chevrolet-spark-nam-2018\">Chevrolet Spark 2018</a>, sự lựa chọn số 1 cho chiếc xe gia đ&igrave;nh.<br />\r\n- Xe thương hiệu Mỹ, khung vỏ d&agrave;y đầm chắc ph&acirc;n kh&uacute;c, hiện nay.<br />\r\n- Động cơ mạnh mẽ, cực kỳ tiết kiệm nhi&ecirc;n liệu 4,5 l&iacute;t/100km.<br />\r\n- Tay l&aacute;i trợ lực điện, 2 t&uacute;i kh&iacute;.<br />\r\n- Khung vỏ d&agrave;y, chạy cực đầm chắc, c&oacute; xe l&aacute;i thử.</p>\r\n','<p>Số cửa: 5</p>\r\n\r\n<p>Số chỗ: 5</p>\r\n\r\n<p>Hộp số: Số tay</p>\r\n\r\n<p>Dẫn động: FWD - Dẫn động cầu trước</p>\r\n\r\n<p>Nhi&ecirc;n liệu: Xăng</p>\r\n','1530247959897_20180608152003-d03e_wm.jpg',550000000,0,5,0,'Mỹ','2018-06-29',0),(59,' Chevrolet Spark Van',10,2,'<p>Động cơ 1.2 L, DOHC, MFI.<br />\r\n- Tiết kiệm nhi&ecirc;n liệu.<br />\r\n- Hệ thống Trợ lực l&aacute;i Điện.<br />\r\n- Giải ph&aacute;p tối ưu cho nhu cầu di chuyển trong đ&ocirc; thị.<br />\r\n- Đầu xe v&agrave; cụm đ&egrave;n pha thiết kế mới tạo điểm nhấn bắt mắt v&agrave; d&aacute;ng vẻ năng động, thể thao.<br />\r\n- Thiết kế đu&ocirc;i xe trẻ trung với cụm đ&egrave;n hậu thiết kế mới v&agrave; c&aacute;nh lướt gi&oacute; thời trang.<br />\r\n- Khoang h&agrave;nh l&iacute; rộng r&atilde;i tiện &iacute;ch nhiều chức năng nhưng vẫn gọn g&agrave;ng v&agrave; năng động.<br />\r\n- Khung xe vững ch&atilde;i nhờ th&eacute;p tấm cường lực v&agrave; c&aacute;c thanh gia cường ở khung cửa v&agrave; gầm xe.&nbsp;</p>\r\n','<p>Số cửa: 5</p>\r\n\r\n<p>Số chỗ: 2</p>\r\n\r\n<p>Hộp số: Số tay</p>\r\n\r\n<p>Dẫn động: FWD - Dẫn động cầu trước</p>\r\n\r\n<p>Nhi&ecirc;n liệu: Xăng</p>\r\n','1530248133211_20180316100607-c545_wm.jpg',400000000,0,10,0,'Mỹ','2018-06-29',0);
/*!40000 ALTER TABLE `sanpham` ENABLE KEYS */;
UNLOCK TABLES;
/*!40103 SET TIME_ZONE=@OLD_TIME_ZONE */;

/*!40101 SET SQL_MODE=@OLD_SQL_MODE */;
/*!40014 SET FOREIGN_KEY_CHECKS=@OLD_FOREIGN_KEY_CHECKS */;
/*!40014 SET UNIQUE_CHECKS=@OLD_UNIQUE_CHECKS */;
/*!40101 SET CHARACTER_SET_CLIENT=@OLD_CHARACTER_SET_CLIENT */;
/*!40101 SET CHARACTER_SET_RESULTS=@OLD_CHARACTER_SET_RESULTS */;
/*!40101 SET COLLATION_CONNECTION=@OLD_COLLATION_CONNECTION */;
/*!40111 SET SQL_NOTES=@OLD_SQL_NOTES */;

-- Dump completed on 2018-06-29 12:11:05
